s,x,y,z,left_x,left_y,left_z,right_x,right_y,right_z,flags
0.000000,-340.849919,-5.343309,173.801887,-343.688222,-5.313134,171.753953,-332.335008,-5.441597,179.945688,0
4.999931,-337.924540,-5.284745,169.747502,-340.762844,-5.256332,167.699568,-329.409629,-5.363795,175.891303,0
9.999925,-334.999162,-5.221066,165.693116,-352.433891,-5.108025,153.112170,-326.484526,-5.297854,171.837300,24
14.999352,-332.073840,-5.146290,161.639577,-334.911891,-5.112507,159.591292,-323.559689,-5.231576,167.784431,16
19.999323,-329.147910,-5.073421,157.585773,-331.985875,-5.040523,155.537370,-320.634016,-5.161660,163.730983,0
24.999181,-326.222013,-4.996882,153.532151,-329.059860,-4.963796,151.483584,-317.708472,-5.088994,159.677850,0
29.999226,-323.295610,-4.919858,149.478673,-326.133355,-4.887350,147.429966,-314.782373,-5.006581,155.624794,0
34.999278,-320.369207,-4.842404,145.425195,-323.206055,-4.813533,143.375246,-311.858662,-4.927439,151.575044,0
39.994652,-317.441886,-4.777917,141.377925,-320.277465,-4.755397,139.326219,-308.935152,-4.850235,147.533042,0
44.994666,-314.510414,-4.709250,137.327999,-317.345011,-4.687488,135.274937,-306.006625,-4.769120,143.487185,0
49.989133,-311.579920,-4.625663,133.284497,-314.412801,-4.608599,131.229068,-303.081277,-4.676941,139.450782,0
54.989156,-308.641713,-4.553729,129.239500,-311.473491,-4.543606,127.182552,-300.146380,-4.582979,135.410344,0
59.989254,-305.703506,-4.476771,125.194503,-308.534491,-4.472953,123.136464,-297.412764,-4.490747,131.221616,0
64.986225,-302.764173,-4.384716,121.154507,-305.594196,-4.382203,119.095145,-294.476249,-4.399246,127.185494,0
69.986215,-299.822340,-4.298593,117.112466,-302.652141,-4.298159,115.052800,-291.535064,-4.308633,123.144345,0
74.984907,-296.881031,-4.215533,113.071583,-299.710504,-4.214112,111.011465,-288.594719,-4.226195,119.104786,0
79.984953,-293.937790,-4.138171,109.030321,-296.969072,-4.136879,106.822646,-285.652286,-4.146557,115.064634,0
84.984980,-290.994548,-4.062003,104.989059,-294.025893,-4.064228,102.781470,-282.708872,-4.061460,111.023135,0
89.985715,-288.051088,-3.989582,100.947012,-291.082585,-3.993409,98.739631,-279.764998,-3.976133,106.980519,0
94.985795,-285.108276,-3.924666,96.905175,-288.139861,-3.935260,94.697915,-276.821945,-3.901952,102.938351,0
99.985779,-282.165464,-3.867662,92.863338,-285.197544,-3.881363,90.656758,-273.877781,-3.831293,98.894657,0
104.987878,-279.223210,-3.812046,88.818459,-282.256056,-3.826211,86.612934,-270.933430,-3.764895,94.846895,0
109.987883,-276.283178,-3.758197,84.774530,-279.316298,-3.777242,82.569380,-267.992651,-3.691907,90.801939,0
114.988009,-273.343147,-3.694043,80.730601,-276.377463,-3.722190,78.527098,-265.049350,-3.617481,86.753510,0
119.992576,-270.404920,-3.626812,76.679924,-273.440575,-3.658012,74.478265,-262.107463,-3.544433,82.697789,0
124.992509,-267.470010,-3.552004,72.632697,-270.708676,-3.578728,70.285137,-259.373343,-3.477233,78.501597,0
129.998942,-264.533060,-3.464627,68.579173,-267.773983,-3.484301,66.234729,-256.430752,-3.413146,74.440282,0
134.998904,-261.606064,-3.375673,64.526470,-264.848765,-3.392808,62.184485,-253.499313,-3.339815,70.381432,0
139.998879,-258.679069,-3.285943,60.473767,-261.923886,-3.301799,58.134715,-250.567026,-3.260549,66.321396,0
145.008582,-255.753729,-3.195348,56.407897,-259.001771,-3.209123,54.073326,-247.633624,-3.177271,62.244325,0
150.008489,-252.838010,-3.102941,52.347218,-256.086713,-3.111205,50.013568,-244.716250,-3.093343,58.181344,0
155.003335,-249.923689,-3.008014,48.291826,-253.162998,-3.010698,45.945152,-241.825416,-3.012339,54.158509,0
159.947987,-247.007853,-2.919890,44.299367,-250.220128,-2.914195,41.915821,-238.977167,-2.936086,50.258233,0
164.882729,-244.037771,-2.834146,40.359451,-247.407759,-2.829182,37.769917,-236.108390,-2.857736,46.452472,0
169.808911,-241.000679,-2.753956,36.481706,-244.512619,-2.747467,33.668118,-233.391476,-2.783292,42.577813,0
174.720823,-237.887817,-2.669889,32.683035,-241.521779,-2.653271,29.624143,-230.619894,-2.707493,38.800820,0
179.623911,-234.681617,-2.577431,28.974665,-238.972676,-2.520762,25.147223,-227.965177,-2.628575,34.965444,0
184.513908,-231.370976,-2.492749,25.376811,-236.075433,-2.406500,20.891493,-225.218994,-2.556304,31.242228,0
189.391951,-227.943180,-2.415242,21.907010,-232.996915,-2.305959,16.708716,-222.540912,-2.492212,27.463808,0
194.258709,-224.385947,-2.365210,18.586029,-229.878490,-2.231040,12.430180,-219.725607,-2.430936,23.809173,0
199.044081,-220.743272,-2.328653,15.482907,-226.560439,-2.166928,8.291032,-216.812753,-2.402604,20.342282,0
203.889944,-216.900320,-2.285223,12.531259,-223.225351,-2.106805,3.838935,-213.664258,-2.363903,16.978494,0
208.731125,-212.913302,-2.256103,9.785375,-219.852120,-2.032258,-0.911134,-210.328252,-2.326310,13.770349,0
213.492024,-208.848067,-2.217548,7.307768,-216.303002,-1.958674,-5.708527,-206.735836,-2.285574,10.995718,0
218.333759,-204.583862,-2.183404,5.014783,-212.697851,-1.902485,-11.052675,-202.780753,-2.245306,8.585329,8
223.117468,-200.259140,-2.149370,2.970401,-209.044276,-1.848226,-16.926430,-198.744462,-2.209005,6.400889,8
227.960688,-195.780297,-2.114368,1.127706,-206.571524,-1.738806,-26.864247,-194.521321,-2.179510,4.393434,26
232.825569,-191.203398,-2.071548,-0.520694,-200.842077,-1.659905,-28.930127,-190.078886,-2.145425,2.793740,10
237.727610,-186.533138,-2.030382,-2.009646,-195.238587,-1.575371,-30.718794,-185.444957,-2.108223,1.578997,10
242.638179,-181.814180,-2.005765,-3.367778,-189.699731,-1.507020,-32.312865,-180.697061,-2.094167,0.732776,10
247.502915,-177.102695,-1.974128,-4.578795,-184.169174,-1.442479,-33.734668,-175.983836,-2.071438,0.037551,10
252.412891,-172.315565,-1.948838,-5.669947,-178.582198,-1.380667,-35.008136,-171.218905,-2.054413,-0.535764,10
257.323294,-167.499977,-1.924465,-6.629935,-172.970000,-1.321909,-36.127033,-166.451556,-2.032025,-0.976324,10
262.234240,-162.659916,-1.887939,-7.460518,-167.338484,-1.266201,-37.093456,-161.685214,-1.995940,-1.286989,10
267.144073,-157.800450,-1.858012,-8.161335,-161.696915,-1.213605,-37.907218,-156.923745,-1.977814,-1.468511,10
272.057622,-152.920770,-1.824189,-8.736266,-156.047070,-1.186814,-38.572925,-152.165247,-1.955457,-1.525740,10
276.967565,-148.031613,-1.775229,-9.184919,-150.396364,-1.174514,-39.091573,-147.420719,-1.913694,-1.459033,10
281.881354,-143.128868,-1.726243,-9.510521,-144.751015,-1.187389,-39.466633,-142.682778,-1.864366,-1.272591,10
286.796226,-138.218539,-1.678410,-9.716304,-139.113830,-1.199736,-39.702942,-137.957412,-1.816008,-0.970201,10
291.710637,-133.305160,-1.628586,-9.803821,-133.489699,-1.208180,-39.803254,-133.248260,-1.768440,-0.553996,10
296.624887,-128.391333,-1.570059,-9.776755,-127.882939,-1.236114,-39.772447,-128.556561,-1.707955,-0.028155,10
301.541767,-123.476803,-1.509756,-9.637242,-122.296375,-1.275412,-39.614009,-123.880116,-1.656395,0.604821,10
306.460087,-118.565202,-1.440243,-9.389821,-116.811917,-1.340725,-38.086310,-119.205532,-1.586889,1.090636,8
311.378372,-113.660044,-1.370980,-9.037462,-113.350914,-1.311981,-12.774699,-114.546215,-1.507632,1.675950,16
316.339151,-108.721269,-1.304038,-8.575569,-108.333472,-1.248679,-12.305464,-109.858805,-1.444004,2.365455,0
321.260678,-103.832121,-1.239587,-8.015655,-103.405523,-1.193245,-11.489559,-105.172858,-1.377235,2.902332,0
326.208588,-98.926659,-1.169015,-7.372783,-98.454622,-1.123780,-10.840806,-100.410203,-1.306746,3.526716,0
331.176462,-94.007949,-1.105773,-6.678475,-93.471133,-1.060722,-10.389853,-95.546822,-1.240093,3.960809,0
336.166263,-89.072353,-1.045696,-5.947450,-88.515369,-1.005866,-9.655856,-90.669041,-1.161991,4.683311,0
341.154170,-84.141695,-0.981961,-5.196612,-83.537763,-0.944461,-9.150757,-85.764761,-1.081941,5.430154,0
346.154317,-79.199481,-0.928798,-4.439529,-78.596862,-0.900055,-8.393875,-80.781358,-1.014965,5.940628,0
351.168458,-74.242205,-0.881925,-3.687987,-73.614124,-0.860762,-7.891320,-75.756988,-0.934588,6.449465,0
356.178492,-69.285769,-0.842219,-2.958178,-68.682157,-0.836788,-7.165095,-70.741541,-0.861423,7.187916,0
361.210059,-64.302751,-0.805641,-2.261864,-63.734879,-0.820549,-6.473754,-65.672325,-0.775596,7.896225,0
366.254204,-59.300797,-0.767414,-1.611945,-58.778517,-0.792331,-5.829732,-60.529692,-0.692724,8.312258,0
371.310789,-54.279054,-0.728411,-1.020649,-53.813687,-0.766637,-5.245094,-55.374036,-0.621614,8.919221,0
376.343840,-49.272488,-0.680581,-0.507221,-48.878135,-0.731283,-4.738885,-50.200379,-0.563118,9.449637,0
381.417462,-44.216899,-0.629139,-0.082946,-43.922657,-0.681473,-4.072109,-45.265133,-0.392505,14.128447,0
386.504820,-39.140120,-0.573132,0.240144,-38.931634,-0.630389,-3.754419,-39.843760,-0.325882,13.721794,0
391.603412,-34.046117,-0.513033,0.447892,-33.941461,-0.575038,-3.300647,-34.394969,-0.268799,12.943023,0
396.657739,-28.992784,-0.447116,0.523448,-28.993238,-0.514780,-3.226552,-28.991332,-0.200364,12.523448,0
401.776378,-23.875256,-0.373099,0.446661,-23.982039,-0.437630,-3.051710,-23.524396,-0.130192,11.941307,0
406.905658,-18.752158,-0.284915,0.210866,-18.971488,-0.350257,-3.282255,-18.047166,-0.049089,11.438755,0
412.047508,-13.627171,-0.201658,-0.196809,-13.967260,-0.268936,-3.680247,-12.558320,0.009849,10.751138,0
417.120666,-8.588247,-0.135411,-0.781439,-9.062156,-0.205284,-4.249207,-7.098818,0.063484,10.117258,0
422.279226,-3.492461,-0.079994,-1.581831,-4.103246,-0.144436,-5.028125,-1.572850,0.124777,9.249378,0
427.432749,1.562961,-0.015858,-2.580534,0.829431,-0.077455,-6.002805,3.868338,0.196899,8.175173,0
432.552022,6.550009,0.055146,-3.734334,5.709359,-0.007120,-7.131878,9.192051,0.271209,6.943663,0
437.613212,11.443361,0.121076,-5.025228,10.496017,0.055252,-8.394581,14.420728,0.336646,5.564167,0
442.734512,16.350277,0.190698,-6.489826,15.295596,0.126023,-9.827137,19.664988,0.397283,3.998868,0
447.855139,21.207070,0.259602,-8.110824,20.042042,0.194515,-11.411235,24.785368,0.463181,2.026152,0
452.991051,26.019636,0.328105,-9.903058,24.751792,0.265288,-13.165353,29.913729,0.529011,0.116850,0
458.085588,30.740881,0.397348,-11.816002,29.379668,0.332912,-15.040455,34.921751,0.594214,-1.912324,0
463.173055,35.398205,0.464594,-13.862251,33.843663,0.398953,-17.274860,39.750923,0.660641,-4.306946,0
468.254444,39.993167,0.533374,-16.030686,38.351036,0.466309,-19.402022,44.591134,0.729456,-6.590945,0
473.327714,44.525919,0.604145,-18.308234,42.691063,0.530550,-21.862570,49.227736,0.794164,-9.200247,0
478.391839,48.999691,0.673819,-20.680125,46.854824,0.591931,-24.636076,53.766062,0.854121,-11.889123,0
483.446093,53.419698,0.748116,-23.130329,51.074158,0.662910,-27.260819,58.110779,0.924826,-14.869351,0
488.488911,57.778470,0.821123,-25.665244,54.953689,0.721449,-30.384419,62.400840,0.993510,-17.942958,0
493.406968,61.964862,0.891467,-28.245254,58.678464,0.779326,-33.265173,66.620593,1.064751,-21.133702,0
498.563583,66.203576,0.967852,-31.180922,62.480217,0.837958,-36.508829,70.786172,1.132879,-24.623498,0
503.702589,70.402940,1.045214,-34.142127,66.313641,0.905945,-39.823468,74.930379,1.205580,-27.852072,0
508.684712,74.416801,1.116674,-37.092614,70.075692,0.956303,-42.899272,78.757910,1.276677,-31.285956,0
513.810806,78.497731,1.187996,-40.193865,73.930465,1.014288,-46.142821,82.912755,1.353386,-34.443208,0
518.919654,82.534262,1.254420,-43.324734,77.759156,1.063445,-49.428901,86.847260,1.424642,-37.811292,0
524.018545,86.537039,1.311426,-46.482773,81.542509,1.116245,-52.732146,90.751174,1.487062,-41.209864,0
529.013569,90.418712,1.364739,-49.626026,85.208105,1.162337,-56.022281,94.681936,1.543358,-44.392726,0
534.104935,94.356599,1.416124,-52.852852,89.109681,1.198122,-59.219354,98.649532,1.590748,-47.643896,0
539.191781,98.272822,1.461551,-56.098948,92.976051,1.244714,-62.424034,102.606544,1.634367,-50.923877,0
544.190010,102.088283,1.488849,-59.327541,96.580973,1.286994,-65.802071,106.461735,1.659748,-54.186002,0
549.275969,105.953908,1.515642,-62.632568,100.412359,1.342805,-69.077817,110.354550,1.665394,-57.514282,0
554.363657,109.802482,1.536847,-65.960119,104.377788,1.385136,-72.175840,114.240869,1.664738,-60.874529,0
559.363361,113.553827,1.551056,-69.265304,108.085652,1.428731,-75.442809,118.193490,1.661896,-64.023785,0
564.429282,117.339461,1.563297,-72.631665,111.850268,1.470387,-78.790501,122.163297,1.656430,-67.219354,0
569.428775,121.067875,1.581659,-75.962359,115.738528,1.515588,-81.928770,125.897595,1.649645,-70.555299,0
574.428682,124.796994,1.591631,-79.292919,119.469138,1.551095,-85.260661,129.791859,1.643604,-73.698161,0
579.424671,128.524467,1.606250,-82.619425,123.365937,1.592552,-88.403201,133.682997,1.635538,-76.835649,0
584.416927,132.251111,1.626555,-85.941221,127.096332,1.637303,-91.728341,137.405890,1.631275,-80.154101,0
589.405980,135.977677,1.653218,-89.258245,130.993954,1.679052,-94.862932,141.293648,1.635394,-83.279913,0
594.405873,139.715678,1.674627,-92.578761,134.739340,1.716548,-98.190005,145.189649,1.629650,-86.406393,0
599.391376,143.448352,1.691192,-95.883622,138.646474,1.761517,-101.315423,148.912558,1.625802,-89.702606,0
604.370403,147.181185,1.712809,-99.178497,142.388343,1.806905,-104.618274,152.800378,1.610323,-92.800828,0
609.346408,150.917681,1.733523,-102.464648,146.135672,1.847519,-107.913950,156.524175,1.611866,-96.075811,0
614.346172,154.679160,1.760406,-105.758309,150.076748,1.884991,-111.032568,160.432174,1.604882,-99.165486,0
619.315053,158.428616,1.780525,-109.018822,153.803942,1.928425,-114.273571,164.209458,1.603527,-102.450385,0
624.316657,162.163602,1.798475,-112.345323,157.502601,1.969317,-117.567877,168.156317,1.588427,-105.630610,0
629.353800,165.918252,1.820590,-115.703137,161.416542,2.006116,-120.732760,171.920532,1.585120,-108.996973,0
634.368299,169.653304,1.841869,-119.048901,165.155252,2.052252,-124.081795,175.817301,1.578205,-112.151971,0
639.363526,173.381528,1.874129,-122.373295,169.069270,2.075792,-127.236877,179.684059,1.601978,-115.264983,0
644.336722,177.111963,1.897146,-125.662064,172.833990,2.104267,-130.555829,183.364386,1.627607,-118.509637,0
649.293832,180.857790,1.917235,-128.908803,176.626806,2.112702,-133.843251,187.204266,1.643251,-121.507132,0
654.232284,184.623966,1.937753,-132.103142,180.450952,2.124775,-137.086710,190.883489,1.660123,-124.627791,0
659.154957,188.418138,1.953551,-135.239498,184.312386,2.137911,-140.278625,194.576766,1.681941,-127.680808,0
664.063417,192.245341,1.960231,-138.312844,188.071141,2.153870,-143.617422,198.120142,1.707602,-130.847141,0
668.999952,196.154566,1.973777,-141.327333,192.080253,2.173317,-147.019431,210.414662,1.746903,-121.404992,24
673.622710,200.013257,1.976179,-143.872995,196.226265,2.182263,-150.346686,208.597107,1.670362,-129.199293,24
678.029992,203.937063,1.975142,-145.879954,200.612738,2.198295,-153.430540,207.362126,1.754029,-138.100561,16
682.363611,207.999421,1.973580,-147.389093,199.252189,2.262829,-176.085538,210.186229,1.780210,-140.214982,26
686.688151,212.204153,1.963887,-148.399923,206.850275,2.287999,-177.918323,213.364160,1.794786,-142.004269,10
691.121232,216.603019,1.955022,-148.949564,215.793622,2.263504,-160.421045,216.972526,1.817437,-143.712584,16
695.510938,220.992157,1.949557,-149.019980,221.414735,2.302959,-161.262689,220.845548,1.836487,-144.772510,0
700.054546,225.519994,1.954636,-148.641780,227.296272,2.312532,-161.014929,224.987110,1.849429,-144.929835,0
704.361110,229.736231,1.977993,-147.764689,233.225091,2.338733,-160.028063,228.778505,1.879761,-144.398272,0
708.863801,233.971812,2.011556,-146.237286,238.838397,2.368665,-157.479121,232.482041,1.904105,-142.795908,0
713.387285,238.003164,2.057211,-144.185938,243.893901,2.388677,-154.062638,235.570033,1.928065,-140.106431,0
717.903884,241.717748,2.121388,-141.617396,248.263135,2.406659,-149.827628,237.665842,1.965670,-136.534871,0
722.426505,245.053979,2.197021,-138.564865,266.747172,2.468315,-159.286963,239.088351,2.001402,-132.866288,26
726.939345,247.943930,2.265690,-135.099437,272.199464,2.501340,-152.753589,240.465141,2.054450,-129.656074,10
731.573459,250.424797,2.323578,-131.185748,276.660192,2.535476,-145.735800,241.461037,2.110000,-126.214480,10
736.103060,252.380240,2.372332,-127.100268,280.097875,2.542189,-138.577755,242.679068,2.172282,-123.083148,10
740.800725,253.949916,2.406325,-122.672738,259.440257,2.495638,-124.381143,243.685364,2.234527,-119.478762,16
745.594388,255.198084,2.432749,-118.044500,261.023891,2.491596,-119.479759,245.002921,2.308181,-115.532797,0
750.485321,256.265966,2.473223,-113.271742,262.621044,2.508520,-114.636653,246.488923,2.396995,-111.171879,0
755.415394,257.260210,2.516931,-108.443162,264.359954,2.521067,-109.911540,247.957097,2.494797,-106.519082,0
760.354627,258.264747,2.569283,-103.607442,265.847795,2.527167,-105.207406,249.458627,2.591563,-101.749420,0
765.328677,259.306656,2.619690,-98.744001,267.610344,2.533480,-100.560252,251.002969,2.686170,-96.927750,0
770.314931,260.392880,2.679972,-93.877873,269.165938,2.542755,-95.886215,252.594605,2.777544,-92.092679,0
775.313329,261.534521,2.742743,-89.012001,270.762338,2.554049,-91.269744,254.249403,2.882606,-87.229573,0
780.345152,262.776315,2.813050,-84.136323,272.205381,2.576631,-86.617294,256.006730,2.979626,-82.355112,0
785.385081,264.097039,2.882416,-79.273015,273.725061,2.602127,-81.975085,257.598124,3.070741,-77.449117,0
790.450876,265.506604,2.950315,-74.407751,294.244795,2.651990,-83.016838,259.279996,3.138650,-72.542449,26
795.550077,267.013739,3.008229,-69.536709,295.575241,2.661904,-78.714980,260.825414,3.193593,-67.548084,10
800.675068,268.634262,3.057071,-64.674914,296.992301,2.674873,-74.463766,262.490021,3.247873,-62.553996,10
805.849855,270.374205,3.090987,-59.801531,279.988571,2.792043,-63.354904,264.042793,3.298837,-57.461504,16
811.063075,272.235176,3.127802,-54.931921,281.533529,2.837657,-58.611680,265.958787,3.333715,-52.448084,0
816.319129,274.226302,3.157123,-50.067699,283.029401,2.874206,-54.259111,267.906127,3.371286,-47.058480,0
823.459182,277.557970,3.157592,-43.752610,284.937577,2.899460,-48.904445,271.408297,3.383105,-39.459415,0
830.178831,282.095138,3.115942,-38.796194,286.951299,2.908448,-44.179521,276.401708,3.371923,-32.484708,0
836.036205,286.847655,3.076186,-35.372624,289.629062,2.919098,-40.117492,271.676342,2.853150,-9.491526,26
841.693939,291.983636,3.052915,-32.999628,293.444398,2.919406,-37.255938,282.245225,2.929460,-4.624228,10
847.200859,297.350968,3.025529,-31.767897,297.735933,2.909083,-35.749329,294.463734,3.105212,-1.907155,10
852.938295,303.086131,2.993251,-31.926128,302.643695,2.895866,-35.398051,305.551136,3.455136,-12.582557,24
858.325161,308.328148,2.972192,-33.166749,307.176517,2.873106,-36.735537,316.696661,3.527922,-7.233556,24
863.975891,313.558487,2.976308,-35.305506,311.279993,2.839886,-39.756176,327.229457,3.467459,-8.601488,10
869.512520,318.249695,2.988633,-38.246028,314.035536,2.808610,-43.835381,329.537623,3.356781,-23.274549,24
875.127278,322.430035,3.013269,-41.994316,316.119723,2.784587,-48.055872,327.838874,3.200316,-36.798697,16
880.635168,325.933036,3.028618,-46.244681,318.054164,2.760566,-51.988013,330.781573,3.179320,-42.710322,0
885.952706,328.795194,3.031025,-50.726228,319.923742,2.751206,-55.860412,332.689977,3.161067,-48.472195,0
891.197464,331.218521,3.034247,-55.377567,321.535092,2.735442,-60.045939,334.821658,3.157926,-53.640498,0
896.401289,333.330453,3.019959,-60.133546,323.439458,2.739219,-64.344333,337.010823,3.130824,-58.566742,0
901.418519,335.221614,3.009775,-64.780696,325.249695,2.749173,-68.796084,338.700190,3.104556,-63.379979,0
906.487518,337.097877,3.012503,-69.489664,327.074547,2.748352,-73.374938,340.594388,3.108720,-68.134335,0
911.552051,338.883922,3.014445,-74.228813,328.543779,2.736498,-77.981336,342.173968,3.108895,-73.034828,0
916.626338,340.556359,3.012754,-79.019569,330.126179,2.748289,-82.514043,343.875052,3.103556,-77.907691,0
921.698701,342.107043,2.999306,-83.849068,331.599788,2.753584,-87.104462,345.450261,3.081253,-82.813261,0
926.760429,343.555321,2.983351,-88.699154,332.993257,2.741215,-91.772067,346.915978,3.060661,-87.721409,0
931.807551,344.930931,2.986888,-93.555194,334.575473,2.738501,-96.440845,348.302476,3.065608,-92.615679,0
936.841467,346.261374,2.978363,-98.410104,335.882965,2.716424,-101.212089,349.640391,3.054746,-97.497830,0
941.896794,347.560669,2.976211,-103.295609,337.147789,2.718637,-105.966647,350.950909,3.055576,-102.425969,0
946.971744,348.778332,2.978749,-108.222313,338.560937,2.738084,-110.641988,352.184131,3.057671,-107.415754,0
952.034017,349.896632,2.980136,-113.159520,339.637925,2.754603,-115.397583,353.316201,3.058812,-112.413499,0
957.090231,350.935008,2.981027,-118.107961,340.644015,2.759542,-120.192535,354.610363,3.062130,-117.363470,0
962.090230,351.893052,2.981209,-123.015318,341.819123,2.761427,-124.906999,355.578635,3.063940,-122.323239,0
967.141380,352.789943,2.980296,-127.986203,342.692417,2.759715,-129.747585,356.484160,3.063472,-127.341794,0
972.189084,353.628431,2.981384,-132.963777,343.511204,2.758832,-134.608226,357.329856,3.064424,-132.362150,0
977.237023,354.409601,2.981081,-137.950908,344.273936,2.756744,-139.477600,358.117772,3.059641,-137.392361,0
982.285725,355.132256,2.980113,-142.947623,344.978848,2.763196,-144.351477,358.846917,3.059271,-142.434017,0
987.337912,355.793007,2.979245,-147.956415,345.373901,2.761110,-149.257272,359.266042,3.053400,-147.522796,0
992.394332,356.384593,2.981191,-152.978108,345.931773,2.767672,-153.972371,359.868866,3.054079,-152.646687,0
997.613761,356.765807,2.980255,-158.183597,346.278477,2.767872,-158.699261,360.511282,3.059013,-157.999431,0
1002.764371,356.893726,2.974297,-163.332615,346.643769,2.774126,-163.362404,360.893709,3.059813,-163.320990,0
1007.909523,356.795722,2.971793,-168.476833,346.803678,2.774946,-168.078012,361.042341,3.056609,-168.646331,0
1013.050192,356.483596,2.961291,-173.608006,347.014656,2.771354,-172.840426,361.218066,3.054734,-173.991797,0
1018.187722,355.965436,2.945847,-178.719316,347.279317,2.777195,-177.663931,385.746415,2.892959,-182.337781,26
1023.325656,355.244468,2.925450,-183.806374,347.347903,2.790284,-182.524089,384.856589,2.927715,-188.614942,10
1028.465900,354.318338,2.908103,-188.862469,347.460522,2.791966,-187.458774,383.708978,2.963942,-194.878305,10
1033.610984,353.182431,2.887294,-193.880552,347.360972,2.790482,-192.427757,382.289726,3.001147,-201.144531,10
1038.763367,351.825602,2.872078,-198.851049,347.034606,2.794672,-197.420536,380.571572,2.994797,-207.434123,10
1043.926341,350.232018,2.859368,-203.761917,346.226102,2.801186,-202.342361,378.509068,2.973901,-213.782316,10
1049.162664,348.353331,2.858848,-208.649618,344.895248,2.811406,-207.199045,371.176679,2.964792,-218.223399,24
1054.360100,346.197895,2.865063,-213.379036,343.057978,2.824159,-211.832775,362.346039,2.992902,-221.331233,24
1059.543284,343.769358,2.871606,-217.958071,340.287066,2.824122,-215.989914,355.522095,3.031672,-224.600599,0
1064.711723,341.106337,2.886930,-222.387614,336.885536,2.830974,-219.707159,350.181060,3.046404,-228.150592,0
1069.913669,338.211568,2.900416,-226.709693,333.094502,2.843417,-223.121081,345.170777,3.003295,-231.590206,0
1075.049181,335.172204,2.916253,-230.849198,329.412559,2.856051,-226.445905,340.733241,2.992726,-235.100653,0
1080.177144,331.979241,2.931648,-234.861772,325.615815,2.853874,-229.611123,336.607187,2.985889,-238.680426,0
1085.293870,328.653094,2.933226,-238.749912,321.910428,2.846603,-232.788666,332.399020,2.982375,-242.061715,0
1090.402041,325.207578,2.941437,-242.521087,318.109959,2.848068,-235.836305,328.483402,2.984802,-245.606371,0
1095.505517,321.652607,2.942826,-246.182733,314.400630,2.849481,-238.939024,324.482647,2.978836,-249.009546,0
1100.599502,318.001731,2.950447,-249.735159,310.780803,2.851893,-242.112286,320.580634,2.991043,-252.457613,0
1105.691917,314.258075,2.955668,-253.187361,307.070560,2.850965,-245.193480,316.598196,2.991774,-255.790020,0
1110.763884,310.443930,2.959561,-256.530582,303.399677,2.844394,-248.410175,312.737407,2.999717,-259.174436,0
1115.763889,306.649949,2.952297,-259.787222,299.648172,2.840177,-251.630162,308.929597,2.988190,-262.443009,0
1120.763889,302.855967,2.949977,-263.043862,295.852727,2.848837,-254.888059,305.136092,2.984884,-265.699240,0
1125.762296,299.064365,2.951587,-266.300826,292.059530,2.850546,-258.146393,301.345008,2.982707,-268.955758,0
1130.762297,295.271657,2.948093,-269.558949,288.265821,2.854049,-261.405376,297.552627,2.984596,-272.213601,0
1135.761429,291.480303,2.948740,-272.817318,284.473313,2.847286,-264.664736,293.761649,2.984743,-275.471647,0
1140.761430,287.688518,2.951584,-276.076515,280.680807,2.848215,-267.924553,289.970098,2.990512,-278.730642,0
1145.760667,283.897661,2.951358,-279.335621,276.889225,2.845265,-271.184282,286.179477,2.988118,-281.989545,0
1150.760668,280.106456,2.953858,-282.595493,273.097315,2.838978,-274.444760,282.388502,2.994275,-285.249220,0
1155.760015,276.316082,2.960307,-285.855324,269.306034,2.849034,-277.705372,278.598424,3.003247,-288.508797,0
1160.760017,272.525607,2.968501,-289.116037,265.514985,2.856886,-280.966578,274.808135,3.008403,-291.769349,0
1165.759899,268.735284,2.967356,-292.376753,261.724403,2.871088,-284.227516,271.017896,3.002259,-295.029993,0
1170.759900,264.945011,2.964285,-295.637709,257.934007,2.867383,-287.488579,267.227664,3.001699,-298.290914,0
1175.760112,261.154539,2.969593,-298.898754,254.143804,2.871409,-290.749392,263.437104,3.008887,-301.552035,0
1180.760113,257.364067,2.984221,-302.159446,250.353556,2.876506,-294.009891,259.646559,3.019935,-304.812789,0
1185.759971,253.573690,2.995122,-305.420045,246.563294,2.890237,-297.270393,255.856145,3.028631,-308.073420,0
1190.759978,249.783119,3.008053,-308.680639,242.772829,2.909766,-300.530894,252.065539,3.044318,-311.334044,0
1195.759975,245.992547,3.016209,-311.941232,238.982730,2.915479,-303.791081,248.274813,3.051561,-314.594770,0
1200.760631,242.201095,3.022250,-315.201818,235.191792,2.918675,-307.051225,244.483194,3.059692,-317.855500,0
1205.760631,238.410105,3.021383,-318.461939,231.401097,2.919158,-310.311092,240.692107,3.056056,-321.115703,0
1210.760731,234.618837,3.020526,-321.721890,227.610154,2.919411,-313.570763,236.900733,3.053262,-324.375746,0
1215.760739,230.827587,3.010324,-324.981707,223.818911,2.915027,-316.830575,233.109482,3.042347,-327.635564,0
1220.760562,227.036526,3.004893,-328.241471,220.027523,2.913743,-320.090620,229.318528,3.035654,-330.895236,0
1225.760562,223.245537,3.002608,-331.501593,216.236274,2.914203,-323.350966,225.527623,3.029543,-334.155286,0
1230.760562,219.454548,3.003805,-334.761715,212.444989,2.914730,-326.611342,239.016108,3.257475,-357.506943,26
1235.760150,215.664108,3.006735,-338.021844,196.101253,2.761638,-315.277730,235.226963,3.245469,-360.765957,26
1240.760150,211.873490,3.008959,-341.282397,192.310145,2.785407,-318.538705,231.436835,3.233461,-364.026090,10
1245.759972,208.083013,3.012097,-344.542842,189.008470,2.794157,-322.367984,227.646647,3.219810,-367.286286,10
1250.759980,204.292482,3.023915,-347.803488,187.011035,2.797199,-327.713651,223.856385,3.201751,-370.546701,10
1255.759975,200.501951,3.026221,-351.064135,193.491553,2.931673,-342.914484,220.065854,3.183691,-373.807347,26
1260.760156,196.711284,3.035165,-354.324899,189.700886,2.938794,-346.175248,216.275187,3.165630,-377.068111,10
1265.760158,192.920750,3.040861,-357.585548,185.910352,2.943381,-349.435897,195.203206,3.067021,-360.238923,16
1270.760157,189.130216,3.041253,-360.846198,182.119498,2.954759,-352.696821,191.412775,3.074891,-363.499483,0
1275.759836,185.340207,3.060535,-364.106912,178.329146,2.952166,-355.957831,187.622878,3.102426,-366.760101,0
1280.759778,181.549992,3.063420,-367.367844,174.538949,2.948152,-359.218747,183.832657,3.103836,-370.021038,0
1285.760019,177.759521,3.053703,-370.628925,170.748598,2.941892,-362.479725,180.042147,3.092387,-373.282153,0
1290.760014,173.969171,3.048237,-373.889778,166.958326,2.941389,-365.740512,176.251772,3.089457,-376.543028,0
1295.760010,170.178822,3.041452,-377.150631,163.167976,2.924356,-369.001365,172.461423,3.086290,-379.803880,0
1300.759808,166.388627,3.030488,-380.411350,159.377781,2.915520,-372.262084,168.671228,3.072853,-383.064600,0
1305.759814,162.598276,3.019338,-383.672204,155.587502,2.905481,-375.522876,164.880853,3.058734,-386.325474,0
1310.760198,158.807577,3.010040,-386.933241,151.797130,2.902363,-378.783631,161.090048,3.046496,-389.586602,0
1315.760188,155.016970,3.002901,-390.193785,148.006778,2.897001,-382.043957,157.299358,3.040810,-392.847218,0
1320.760185,151.226363,2.992302,-393.454330,144.217046,2.887022,-385.303749,153.508466,3.034344,-396.108008,0
1325.761376,147.434146,2.985901,-396.714844,140.426173,2.872249,-388.563108,149.715811,3.031111,-399.368898,0
1330.761373,143.642454,2.983450,-399.974147,136.634951,2.868218,-391.822006,145.923967,3.027734,-402.628332,0
1335.761389,139.850763,2.969921,-403.233449,132.843260,2.864202,-395.081308,142.132276,3.011389,-405.887634,0
1340.761389,136.059072,2.964043,-406.492751,129.053434,2.855609,-398.339007,138.339977,3.005151,-409.147458,0
1345.763101,132.264592,2.958502,-409.751433,125.261038,2.845655,-401.595899,134.544818,3.002652,-412.406723,0
1350.763100,128.471238,2.950766,-413.008793,121.467903,2.839330,-404.853072,130.751394,2.997648,-415.664144,0
1355.763098,124.677885,2.943679,-416.266154,117.674840,2.829628,-408.110183,126.957946,2.987006,-418.921586,0
1360.764951,120.882890,2.938317,-419.524454,113.881918,2.827844,-411.366704,123.162276,2.987090,-422.180466,0
1365.764953,117.087876,2.933694,-422.779891,110.088687,2.820499,-414.620610,119.366682,2.978093,-425.436400,0
1370.764953,113.292863,2.931577,-426.035327,106.293674,2.814917,-417.876047,115.571668,2.976394,-428.691837,0
1375.764954,109.497849,2.927878,-429.290763,102.499136,2.826875,-421.131075,111.776500,2.970013,-431.947406,0
1380.765884,105.701751,2.923346,-432.546362,98.704275,2.823264,-424.385612,107.979999,2.967608,-435.203350,0
1385.765884,101.905750,2.925397,-435.800647,94.909036,2.823428,-427.639245,104.183750,2.966318,-438.457848,0
1390.765886,98.109749,2.930132,-439.054933,91.113035,2.827728,-430.893531,100.387749,2.973060,-441.712134,0
1395.765886,94.313748,2.929396,-442.309218,87.317612,2.829911,-434.147320,96.591560,2.967664,-444.966581,0
1400.766814,90.516581,2.929029,-445.563570,83.521364,2.822067,-437.400884,92.794093,2.966439,-448.221189,0
1405.766815,86.719847,2.926448,-448.817001,79.724971,2.821263,-440.654023,88.997248,2.959730,-451.474715,0
1410.766815,82.923113,2.924752,-452.070432,75.928237,2.839554,-443.907453,85.200514,2.957129,-454.728145,0
1415.766816,79.126379,2.921528,-455.323862,72.131905,2.842975,-447.160540,81.403650,2.952318,-457.981688,0
1420.767081,75.329126,2.915827,-458.577089,68.335112,2.840177,-450.413373,77.606247,2.944797,-461.235044,0
1425.767080,71.532026,2.917447,-461.830092,64.538070,2.840204,-453.666326,73.809128,2.947720,-464.488062,0
1430.767089,67.734926,2.927226,-465.083094,60.740960,2.854429,-456.919337,70.012031,2.959076,-467.741062,0
1435.767215,63.937742,2.934645,-468.336185,56.943694,2.858772,-460.172498,66.214874,2.969143,-470.994129,0
1440.767228,60.140708,2.946031,-471.589264,53.146666,2.852816,-463.425572,62.417838,2.987737,-474.247210,0
1445.767268,56.343580,2.945725,-474.842296,49.349868,2.850589,-466.678321,58.620602,2.982522,-477.500335,0
1450.767268,52.546282,2.949276,-478.095068,45.389894,2.848876,-469.741260,54.823315,2.989629,-480.753098,0
1455.766743,48.749608,2.951496,-481.347761,41.592424,2.848540,-472.994635,51.026894,2.989711,-484.005574,0
1460.766743,44.952930,2.951560,-484.601257,32.589624,2.862019,-470.173900,51.297259,3.012557,-492.004770,24
1465.766702,41.156297,2.944974,-487.854735,28.304922,2.854485,-472.857913,47.663322,3.023816,-495.448062,8
1470.766729,37.359646,2.925375,-491.108245,30.201446,2.838552,-482.755991,39.637256,2.958710,-493.765781,16
1475.766099,33.563850,2.906989,-494.361751,26.404890,2.829792,-486.010147,35.841701,2.932048,-497.019079,0
1480.766097,29.767825,2.883917,-497.615924,22.608565,2.812524,-489.264577,32.045771,2.910529,-500.273171,0
1485.766127,25.971800,2.854772,-500.870097,18.812540,2.776287,-492.518750,28.249746,2.881502,-503.527344,0
1490.766116,22.175775,2.833974,-504.124271,15.015047,2.751255,-495.774182,24.454188,2.860317,-506.781117,0
1495.764681,18.381986,2.809759,-507.378842,11.219532,2.722265,-499.030234,20.660949,2.836093,-510.035217,0
1500.764691,14.587323,2.780245,-510.634570,7.423591,2.697232,-502.287059,16.866693,2.808051,-513.290596,0
1505.763481,10.794361,2.755900,-513.890449,3.629222,2.662081,-505.544146,13.074178,2.788772,-516.546091,0
1510.763471,7.000810,2.726561,-517.147443,-6.681026,2.596132,-501.216111,9.281117,2.760532,-519.802665,24
1515.761898,3.209379,2.690234,-520.404436,-13.571648,2.545848,-500.873444,5.490295,2.723492,-523.059134,8
1520.761906,-0.582672,2.657562,-523.663171,-9.219065,2.555957,-513.614529,2.350442,2.684704,-527.075918,16
1525.760914,-4.373628,2.632710,-526.921717,-11.544464,2.545755,-518.580308,0.841525,2.685212,-532.988197,0
1530.760938,-8.164912,2.600490,-530.181374,-15.336265,2.510193,-521.840409,-0.667590,2.686054,-538.901475,0
1535.759828,-11.955326,2.564929,-533.440270,-19.126655,2.467989,-525.099285,-3.317134,2.673524,-543.487366,8
1540.759801,-15.746597,2.534244,-536.699880,-22.908958,2.428171,-528.351192,-6.142522,2.641377,-547.894711,8
1545.758923,-19.544144,2.492110,-539.950737,-26.669616,2.387665,-531.570543,-9.341764,2.600728,-551.949652,8
1550.758208,-23.363436,2.451139,-543.176289,-30.458243,2.345989,-534.770118,-20.944752,2.483214,-546.042030,16
1555.756198,-27.183739,2.404200,-546.398554,-34.257101,2.299177,-537.974330,-24.772366,2.433803,-549.270448,0
1560.754536,-31.018617,2.352571,-549.603928,-37.912832,2.253715,-541.355758,-28.613658,2.384020,-552.481196,0
1565.752958,-34.853495,2.293300,-552.809302,-41.748121,2.193141,-544.561477,-32.448392,2.321670,-555.686451,0
1570.750772,-38.687581,2.233590,-556.014665,-45.582632,2.137320,-547.767195,-36.121981,2.268486,-559.083492,0
1575.749123,-42.522040,2.170678,-559.220360,-49.242231,2.080719,-551.152583,-39.961968,2.201569,-562.293799,0
1580.745949,-46.366873,2.109901,-562.411260,-53.070546,2.017510,-554.329753,-43.813092,2.140705,-565.489929,0
1585.743243,-50.213559,2.043024,-565.600536,-56.908436,1.953068,-557.511739,-47.503728,2.077249,-568.874572,0
1590.740261,-54.065468,1.981662,-568.783178,-60.591938,1.892892,-560.879528,-51.359371,2.014523,-572.060302,0
1595.736863,-57.918881,1.914634,-571.963234,-64.437671,1.822839,-564.053249,-55.215968,1.946195,-575.242985,0
1600.734275,-61.777133,1.840282,-575.138527,-68.126907,1.762565,-567.413221,-58.919735,1.875562,-578.614915,0
1605.730091,-65.638204,1.775621,-578.308090,-71.981001,1.697107,-570.577054,-62.783945,1.813431,-581.787057,0
1610.726545,-69.501608,1.717503,-581.475941,-75.837160,1.635323,-573.738966,-66.492221,1.754109,-585.151005,0
1615.721740,-73.368151,1.654795,-584.637887,-79.539990,1.570638,-577.089980,-70.361357,1.691118,-588.315072,0
1620.717777,-77.235682,1.594961,-587.800007,-83.402593,1.508003,-580.248072,-74.073164,1.637125,-591.672793,0
1625.712521,-81.106036,1.536185,-590.956645,-87.110378,1.448447,-583.594724,-77.945857,1.572405,-594.831341,0
1630.707298,-84.976391,1.474613,-594.113284,-90.820712,1.386614,-586.943458,-81.659343,1.515155,-598.182645,0
1635.702243,-88.848626,1.411139,-597.267842,-94.690589,1.328431,-590.096094,-85.532917,1.455801,-601.338294,0
1640.696749,-92.720865,1.351629,-600.421779,-98.404467,1.269127,-593.443479,-89.247552,1.400335,-604.686295,0
1645.691891,-96.593735,1.294273,-603.575987,-102.277104,1.210046,-596.597497,-93.120565,1.341374,-607.840619,0
1650.686409,-100.466205,1.235923,-606.729681,-105.992461,1.149704,-599.945655,-96.834666,1.281459,-611.187754,0
1655.680661,-104.337695,1.180225,-609.884203,-109.866073,1.085103,-603.101907,-100.704761,1.225562,-614.341141,0
1660.675456,-108.208387,1.119845,-613.040479,-113.580780,1.030809,-606.453568,-104.416110,1.168347,-617.690063,0
1665.670665,-112.078720,1.062732,-616.197910,-117.296972,0.975125,-609.807892,-108.125498,1.112521,-621.038834,0
1670.665945,-115.945985,1.004899,-619.359199,-121.167388,0.916613,-612.971755,-111.990375,1.056108,-624.198171,0
1675.661198,-119.813249,0.949505,-622.520487,-124.881846,0.866218,-616.331034,-115.695015,0.997399,-627.549417,0
1680.656680,-123.675157,0.894374,-625.688685,-128.749393,0.812807,-619.503854,-119.552341,0.945549,-630.713860,0
1685.652570,-127.537190,0.844410,-628.857458,-132.422889,0.767965,-622.841443,-123.281903,0.884017,-634.097213,0
1690.994973,-131.699792,0.782306,-632.205615,-136.432884,0.715387,-626.068814,-127.424741,0.830415,-637.748533,0
1696.495734,-136.120970,0.717072,-635.477816,-140.317666,0.657327,-629.565943,-131.924273,0.759004,-641.389688,0
1701.822790,-140.526597,0.642783,-638.471553,-144.344193,0.585335,-632.604189,-136.436315,0.692490,-644.758014,0
1707.253017,-145.134965,0.562509,-641.342766,-148.435855,0.507738,-635.743291,-141.072330,0.613118,-648.234428,0
1712.542032,-149.756871,0.481338,-643.912800,-152.521580,0.437204,-638.307545,-146.107455,0.536558,-651.311736,0
1717.923577,-154.692147,0.393330,-646.056705,-156.737567,0.360623,-640.951193,-151.345096,0.450845,-654.411180,0
1723.199165,-159.644380,0.325873,-647.874029,-161.225021,0.299462,-643.130447,-156.641162,0.376000,-656.886836,0
1728.455076,-164.678251,0.262649,-649.384242,-165.902502,0.244404,-644.794720,-156.946140,0.339386,-678.370695,26
1733.685777,-169.771130,0.198390,-650.575331,-170.630058,0.183944,-646.413031,-163.708108,0.250870,-679.956273,10
1738.853707,-174.858053,0.140629,-651.484936,-175.449134,0.121092,-647.528849,-170.424943,0.157667,-681.155587,10
1744.070346,-180.037015,0.095824,-652.109164,-180.389979,0.082960,-648.124767,-177.389791,0.074001,-681.992139,10
1749.225152,-185.183375,0.044436,-652.399619,-185.267360,0.029544,-648.650559,-184.511489,0.020124,-682.392094,10
1754.428187,-190.385986,0.013205,-652.340999,-190.208425,-0.009637,-648.595205,-191.806471,-0.034444,-682.307351,10
1759.634851,-195.574326,-0.033509,-651.907060,-195.174703,-0.057591,-648.429949,-198.999666,-0.087002,-681.710869,10
1764.803591,-200.688207,-0.071590,-651.156969,-200.090925,-0.096624,-647.708309,-205.807766,-0.127814,-680.716910,10
1769.968147,-205.752355,-0.111010,-650.144302,-204.978816,-0.138145,-646.730852,-212.382685,-0.151851,-679.402441,10
1775.185137,-210.809555,-0.139308,-648.863321,-209.853348,-0.167725,-645.496472,-219.005612,-0.176105,-677.722022,10
1780.395657,-215.778897,-0.168453,-647.296699,-214.610635,-0.201393,-643.997432,-225.792572,-0.205188,-675.576132,10
1785.638943,-220.657726,-0.188871,-645.376108,-219.135185,-0.225471,-641.949102,-232.838049,-0.224570,-672.792157,10
1790.982667,-225.445180,-0.201859,-643.002190,-223.732739,-0.232144,-639.949725,-240.123246,-0.231459,-669.166181,10
1796.373490,-230.007632,-0.209663,-640.130787,-227.973035,-0.241643,-637.282908,-247.447035,-0.225670,-664.541179,10
1801.809232,-234.239526,-0.214786,-636.719287,-231.887916,-0.246394,-634.127004,-254.396182,-0.222620,-658.938855,10
1807.146639,-237.972985,-0.207103,-632.904954,-235.190817,-0.237935,-630.390587,-260.230332,-0.231651,-653.019886,10
1812.393203,-241.330324,-0.195580,-628.873258,-237.550202,-0.235242,-625.996944,-265.204777,-0.243185,-647.039448,10
1817.748320,-244.386623,-0.175985,-624.475993,-239.296759,-0.218492,-621.299001,-269.835945,-0.239933,-640.360956,10
1823.075793,-246.979751,-0.147363,-619.822303,-240.471929,-0.188911,-616.626874,-273.908666,-0.256392,-633.044765,10
1828.426304,-249.086572,-0.134701,-614.904060,-240.875936,-0.160449,-611.879501,-277.237324,-0.242659,-625.273977,10
1833.780541,-250.675022,-0.114530,-609.790913,-241.234088,-0.134179,-607.355498,-255.274452,-0.109842,-610.977398,16
1839.130797,-251.757216,-0.103693,-604.551259,-241.384439,-0.102922,-602.921684,-255.708749,-0.110461,-605.172049,0
1844.465286,-252.331362,-0.092924,-599.247768,-241.851578,-0.067993,-598.596529,-256.074143,-0.106445,-599.480353,0
1849.729118,-252.413852,-0.074968,-593.984613,-242.164540,-0.034543,-594.103404,-256.413583,-0.095916,-593.938256,0
1854.881537,-252.210691,-0.052893,-588.836248,-242.475270,-0.008043,-589.369234,-256.703963,-0.086622,-588.590255,0
1859.948432,-251.855285,-0.024328,-583.781914,-242.632652,0.037554,-584.492938,-257.089752,-0.078784,-583.378360,0
1864.969450,-251.435295,0.015434,-578.778649,-242.965225,0.091127,-579.491323,-257.414169,-0.058235,-578.275586,0
1869.952677,-251.016521,0.061961,-573.813269,-243.290227,0.142360,-574.418978,-257.745874,-0.034080,-573.285716,0
1874.878225,-250.660916,0.113012,-568.900839,-243.673433,0.193549,-569.319266,-258.147505,-0.018198,-568.452524,0
1879.769306,-250.429806,0.162586,-564.015472,-244.182134,0.252805,-564.186051,-258.426826,0.010717,-563.797132,0
1884.611507,-250.395338,0.211209,-559.173638,-244.396803,0.310500,-559.041041,-258.893262,0.034909,-559.361484,0
1889.308754,-250.640521,0.253523,-554.482986,-244.917161,0.359727,-553.930127,-259.101139,0.060561,-555.300255,0
1893.997643,-251.296897,0.292215,-549.840427,-245.167567,0.426018,-548.618210,-259.387612,0.085135,-551.453753,0
1898.603521,-252.455166,0.322372,-545.382668,-246.019611,0.486917,-543.346463,-259.844137,0.115471,-547.720534,0
1903.255006,-254.085641,0.354598,-541.026428,-247.187074,0.545915,-538.083678,-260.524303,0.150959,-543.772994,0
1907.942465,-256.115697,0.379161,-536.801438,-249.049163,0.612240,-533.051224,-261.857255,0.187649,-539.848487,0
1912.658008,-258.489985,0.404102,-532.727315,-251.100019,0.665888,-528.042136,-263.346248,0.225477,-535.806147,0
1917.453354,-261.204702,0.436259,-528.774515,-253.767392,0.711381,-523.274613,-265.425878,0.278226,-531.896081,0
1922.189392,-264.153584,0.462094,-525.068644,-256.541062,0.768881,-518.584085,-267.579219,0.319790,-527.986696,0
1926.929993,-267.346359,0.489531,-521.564542,-259.833055,0.812855,-514.229676,-270.387459,0.357870,-524.533416,0
1931.728270,-270.813050,0.513267,-518.247170,-263.656048,0.827346,-510.225960,-273.309679,0.401023,-521.045267,0
1936.452957,-274.447534,0.536171,-515.228451,-267.888566,0.860917,-506.711265,-276.583011,0.430579,-518.001488,0
1941.155131,-278.276742,0.554911,-512.499484,-272.274484,0.892796,-503.281409,-280.186551,0.448868,-515.432508,0
1945.864031,-282.327069,0.573632,-510.097769,-277.147113,0.908169,-500.393747,-283.975237,0.468998,-513.185413,0
1950.588056,-286.589912,0.581344,-508.061958,-282.308640,0.909806,-497.929302,-287.952135,0.475124,-511.285985,0
1955.246204,-290.960273,0.586856,-506.450049,-287.642494,0.920121,-495.962326,-292.015930,0.482147,-509.787052,0
1959.896156,-295.454724,0.585326,-505.257585,-293.143580,0.929533,-494.503116,-296.190088,0.476981,-508.679462,0
1964.539399,-300.035702,0.584332,-504.499732,-298.759997,0.920542,-493.573956,-300.441609,0.478360,-507.976115,0
1969.184973,-304.670362,0.577013,-504.181557,-304.449483,0.916535,-493.183775,-304.740641,0.471023,-507.680852,0
1973.915240,-309.398800,0.557857,-504.311684,-310.185744,0.884479,-493.590527,-309.142585,0.449996,-507.802294,0
1978.561374,-314.011552,0.536391,-504.867211,-315.766651,0.864929,-494.261451,-313.399308,0.421398,-508.566894,0
1983.303116,-318.651804,0.523295,-505.842922,-321.329672,0.843101,-495.431797,-317.717664,0.409189,-509.474710,0
1987.895744,-323.042324,0.494142,-507.190035,-326.689661,0.815660,-497.077694,-321.769998,0.381883,-510.717596,0
1992.582327,-327.370374,0.462824,-508.987551,-331.966918,0.783565,-499.269820,-325.766929,0.352940,-512.377457,0
1997.270343,-331.506666,0.425271,-511.193718,-337.014718,0.753226,-501.962040,-329.585253,0.311261,-514.414070,0
2001.962680,-335.416316,0.384578,-513.788136,-341.783661,0.715196,-505.126762,-333.195149,0.269247,-516.809546,0
2006.553244,-338.976868,0.343060,-516.685381,-346.154128,0.665131,-508.682291,-336.473172,0.226414,-519.477156,0
2011.246827,-342.320029,0.298136,-519.979463,-350.219428,0.614655,-512.688236,-339.564425,0.183465,-522.522915,0
2015.942398,-345.337613,0.247430,-523.576684,-353.886188,0.570287,-517.058681,-342.355552,0.137348,-525.850406,0
2020.557900,-347.959003,0.195035,-527.375162,-357.086808,0.526138,-521.696635,-344.774885,0.087202,-529.356044,0
2025.234483,-350.240278,0.150607,-531.457348,-359.857000,0.474951,-526.653063,-346.885607,0.041935,-533.133261,0
2029.930518,-352.143038,0.100442,-535.750334,-362.160150,0.423643,-531.849057,-348.648696,-0.011140,-537.111244,0
2034.626493,-353.644940,0.046427,-540.199328,-363.966151,0.369952,-537.193484,-350.284546,-0.057973,-541.177976,0
2039.372948,-354.780797,0.000626,-544.807644,-365.301208,0.315724,-542.597792,-351.355546,-0.100008,-545.527130,0
2044.149945,-355.601398,-0.044750,-549.513412,-366.243552,0.274861,-547.994510,-351.889019,-0.158637,-550.043261,0
2048.942514,-356.132216,-0.083953,-554.276333,-366.596374,0.239489,-553.409503,-352.145870,-0.205938,-554.606554,0
2053.748454,-356.393461,-0.124573,-559.074995,-366.639560,0.199936,-558.792251,-351.895173,-0.262485,-559.199126,0
2058.560685,-356.397429,-0.152362,-563.887144,-365.894486,0.132688,-564.123570,-351.149055,-0.314970,-563.756487,0
2063.376828,-356.153921,-0.160509,-568.697120,-364.629347,0.066578,-569.342994,-349.672713,-0.356102,-568.203216,0
2068.192637,-355.665781,-0.170436,-573.488116,-362.856948,0.015069,-574.409868,-348.226644,-0.388699,-572.534579,0
2073.005640,-354.930158,-0.202223,-578.244464,-360.832854,-0.049547,-579.320648,-346.568004,-0.427145,-576.719869,0
2077.808679,-353.941670,-0.232656,-582.944586,-358.803048,-0.111030,-584.113777,-344.705053,-0.457268,-580.723123,0
2082.601961,-352.687158,-0.271012,-587.570629,-356.752000,-0.176287,-588.811421,-342.883718,-0.484977,-584.578130,0
2087.377528,-351.149509,-0.308654,-592.091720,-354.655051,-0.239578,-593.423514,-341.100289,-0.510581,-588.273909,0
2092.129144,-349.305894,-0.361705,-596.470775,-352.502891,-0.304628,-597.895279,-339.486547,-0.534979,-592.095513,0
2097.087747,-347.198549,-0.427884,-600.958810,-350.367217,-0.381891,-602.445264,-337.466213,-0.571375,-596.393273,0
2102.093293,-345.074503,-0.497617,-605.490814,-348.244211,-0.458565,-606.975047,-335.338970,-0.615557,-600.932098,0
2107.093969,-342.955677,-0.570725,-610.019831,-346.125912,-0.541913,-611.502941,-333.218529,-0.661415,-605.464566,0
2112.092491,-340.837871,-0.648670,-614.546865,-344.007464,-0.625299,-616.031345,-331.102694,-0.717327,-609.987390,0
2117.085366,-338.718474,-0.727098,-619.066910,-341.885863,-0.710893,-620.556085,-328.990062,-0.772372,-614.493015,0
2122.075033,-336.591044,-0.806232,-623.579621,-339.754739,-0.797402,-625.076630,-326.873983,-0.829438,-618.981663,0
2127.061508,-334.451971,-0.872918,-628.083492,-337.610999,-0.875411,-629.590325,-324.749244,-0.879334,-623.455363,0
2132.045577,-332.298891,-0.941615,-632.577985,-335.677400,-0.949972,-634.205309,-322.613834,-0.922730,-627.912991,0
2137.045497,-330.119808,-1.010104,-637.077553,-333.491907,-1.026672,-638.718117,-319.778706,-0.888433,-632.046490,0
2142.030779,-327.930824,-1.053963,-641.556331,-331.293713,-1.081938,-643.215693,-317.169581,-0.939271,-636.246375,0
2146.983625,-325.722384,-1.085488,-645.989444,-329.296788,-1.113440,-647.784892,-314.328970,-0.974135,-640.266453,0
2151.983639,-323.463468,-1.113683,-650.450009,-327.019937,-1.137382,-652.280727,-311.682665,-1.016919,-644.385756,0
2156.906060,-321.181255,-1.138343,-654.811330,-324.938057,-1.166726,-656.798525,-309.026897,-1.049853,-648.382172,0
2161.906053,-318.824097,-1.163144,-659.220766,-322.776273,-1.195307,-661.372581,-306.089310,-1.056646,-652.287138,0
2166.832731,-316.434710,-1.188931,-663.529167,-320.800610,-1.225019,-665.966156,-303.337010,-1.050705,-656.218199,0
2171.832718,-313.985939,-1.212167,-667.888393,-318.540666,-1.253971,-670.499324,-306.828511,-1.151559,-663.785502,16
2176.765967,-311.494936,-1.224952,-672.146525,-316.452925,-1.271036,-675.058713,-305.027993,-1.161786,-668.348018,0
2181.705241,-308.985852,-1.238149,-676.401023,-314.344703,-1.282977,-679.617422,-302.983940,-1.181309,-672.798656,0
2186.705239,-306.380120,-1.252629,-680.668332,-312.344955,-1.306927,-684.331766,-301.054375,-1.197173,-677.397409,0
2191.652897,-303.779801,-1.261283,-684.877558,-310.140810,-1.327335,-688.850916,-299.115062,-1.211616,-681.963763,0
2196.652895,-301.110112,-1.268728,-689.105168,-307.858270,-1.344653,-693.401953,-296.892513,-1.224460,-686.419678,0
2201.608427,-298.432752,-1.279180,-693.275172,-305.573649,-1.355556,-697.885768,-294.862304,-1.242910,-690.969874,0
2206.608433,-295.710041,-1.297685,-697.468805,-303.446730,-1.381614,-702.538927,-292.573545,-1.261941,-695.413351,0
2211.573740,-292.970631,-1.311165,-701.610028,-301.096293,-1.402009,-706.998546,-290.053727,-1.279701,-699.675689,0
2216.548605,-290.216435,-1.314136,-705.752935,-298.526525,-1.412801,-711.315525,-287.307904,-1.279969,-703.806028,0
2221.548605,-287.422051,-1.316554,-709.899188,-296.121660,-1.405071,-715.778543,-284.522182,-1.285137,-707.939404,0
2226.525693,-284.629885,-1.311978,-714.019285,-293.277760,-1.397411,-719.974473,-281.747260,-1.282038,-712.034222,0
2231.469494,-281.795473,-1.305989,-718.069869,-290.345244,-1.389057,-724.165065,-278.945549,-1.276301,-716.038137,0
2236.383185,-278.907889,-1.298348,-722.045566,-287.348307,-1.385642,-728.291311,-276.094416,-1.272192,-719.963650,0
2241.323212,-275.934393,-1.293662,-725.990456,-284.261367,-1.370611,-732.386665,-273.158734,-1.264619,-723.858386,0
2246.262110,-272.890274,-1.283213,-729.879665,-280.903504,-1.357842,-736.271115,-270.154049,-1.255792,-727.697218,0
2251.201717,-269.774875,-1.265802,-733.712902,-277.668415,-1.352188,-740.251597,-267.079521,-1.237623,-731.480176,0
2256.139218,-266.589784,-1.242206,-737.485640,-274.359759,-1.334618,-744.170698,-263.936622,-1.213296,-735.202938,0
2261.075084,-263.335834,-1.212503,-741.196933,-271.165970,-1.315014,-748.192573,-260.725789,-1.177716,-738.865054,0
2266.012480,-260.012111,-1.184055,-744.847952,-267.710336,-1.284767,-751.988493,-257.446036,-1.152312,-742.467771,0
2270.950719,-256.620409,-1.134660,-748.436841,-264.364602,-1.240777,-755.892709,-254.099044,-1.101543,-746.009349,0
2275.888800,-253.162819,-1.087932,-751.962111,-260.945402,-1.205351,-759.735875,-250.686543,-1.053149,-749.488641,0
2280.826000,-249.641997,-1.059150,-755.423169,-257.629751,-1.182271,-763.696366,-247.037294,-1.022990,-752.725388,0
2285.762617,-246.059882,-1.041412,-758.819982,-254.070744,-1.163783,-767.415829,-243.503224,-1.001663,-756.076626,0
2290.702805,-242.416814,-1.027946,-762.156646,-250.612322,-1.161974,-771.261379,-239.907985,-0.991170,-759.369483,0
2295.641736,-238.717590,-1.016157,-765.429052,-246.922436,-1.160249,-774.859349,-236.256136,-0.978447,-762.599962,0
2300.582457,-234.963641,-1.005758,-768.641292,-243.336212,-1.159326,-778.586142,-232.548476,-0.968661,-765.772585,0
2305.525230,-231.157083,-1.001218,-771.794243,-239.530601,-1.151787,-782.062968,-228.787220,-0.962014,-768.888000,0
2310.468510,-227.302196,-1.002117,-774.888732,-235.830566,-1.154471,-785.674343,-224.976277,-0.966292,-771.947201,0
2315.418601,-223.396854,-1.006010,-777.930391,-231.919187,-1.159394,-789.037588,-221.114086,-0.968465,-774.955249,0
2320.367803,-219.448589,-1.003790,-780.914649,-227.954648,-1.166201,-792.347473,-217.210152,-0.966990,-777.906011,0
2325.316816,-215.455712,-1.000088,-783.838627,-223.928516,-1.169560,-795.605597,-213.410552,-0.966246,-780.998324,0
2330.262716,-211.418977,-1.002924,-786.696370,-219.839841,-1.174127,-798.806347,-209.420806,-0.966826,-783.822816,0
2335.205518,-207.337234,-0.992080,-789.483939,-215.825255,-1.172338,-802.153430,-205.389163,-0.957824,-786.576187,0
2340.118479,-203.231282,-0.987463,-792.181778,-211.486068,-1.166070,-805.004453,-201.336741,-0.952654,-789.238869,0
2345.057002,-199.054161,-0.984792,-794.816290,-207.194964,-1.158495,-808.006336,-197.215915,-0.950089,-791.837892,0
2349.993896,-194.827991,-0.981100,-797.368230,-202.579455,-1.143656,-810.501292,-193.048967,-0.947092,-794.354085,0
2354.927354,-190.554398,-0.978364,-799.833063,-197.913627,-1.134542,-812.903708,-188.714591,-0.939243,-796.565402,0
2359.832320,-186.255486,-0.974072,-802.194849,-193.091769,-1.134475,-814.982157,-184.251748,-0.927511,-798.446845,0
2364.759743,-181.883947,-0.968175,-804.468415,-188.091375,-1.129622,-816.737495,-179.852425,-0.916855,-800.453079,0
2369.689785,-177.460263,-0.959830,-806.644712,-183.064020,-1.120278,-818.374925,-175.412736,-0.905489,-802.358672,0
2374.617257,-172.989879,-0.951202,-808.717289,-177.903866,-1.101488,-819.665016,-170.840009,-0.891573,-803.927658,0
2379.507309,-168.504317,-0.944648,-810.664670,-172.759982,-1.080081,-820.808107,-166.376484,-0.882403,-805.592951,0
2384.431855,-163.940227,-0.942752,-812.514058,-167.670879,-1.080825,-822.061033,-161.756430,-0.875133,-806.925584,0
2389.355479,-159.332324,-0.942138,-814.248791,-162.480570,-1.069816,-822.946553,-157.205131,-0.868681,-808.371926,0
2394.248253,-154.710640,-0.941864,-815.854803,-157.407363,-1.060796,-823.915677,-152.569124,-0.853080,-809.453521,0
2399.183807,-150.012370,-0.937324,-817.366734,-152.309814,-1.056667,-824.768372,-147.937259,-0.846542,-810.681383,0
2404.093087,-145.308841,-0.936967,-818.773090,-147.245720,-1.045046,-825.499791,-143.233613,-0.834299,-811.565911,0
2409.036456,-140.544884,-0.938591,-820.092793,-142.224803,-1.030628,-826.371954,-138.477291,-0.822980,-812.364594,0
2413.985956,-135.752458,-0.932240,-821.329793,-137.143204,-1.020518,-826.909069,-133.696573,-0.802888,-813.082167,0
2418.912179,-130.962734,-0.919148,-822.481334,-132.149142,-1.004244,-827.595524,-128.928893,-0.778750,-813.714152,0
2423.867823,-126.126561,-0.906002,-823.562842,-127.183032,-0.990821,-828.449955,-124.172092,-0.768549,-814.521683,0
2428.825849,-121.273169,-0.893008,-824.575973,-122.163856,-0.967654,-828.986945,-117.314558,-0.594255,-804.971652,24
2433.785690,-116.405157,-0.877530,-825.525840,-117.192543,-0.947072,-829.702265,-112.653499,-0.570510,-805.626404,8
2438.730986,-111.539770,-0.856974,-826.411019,-112.233053,-0.918277,-830.350481,-107.986697,-0.545531,-806.221278,8
2443.697665,-106.643453,-0.833516,-827.243745,-107.252962,-0.884771,-830.943880,-104.936829,-0.671649,-816.883367,16
2448.668101,-101.735062,-0.804824,-828.026110,-102.306857,-0.852211,-831.732261,-100.095915,-0.617036,-817.401813,0
2453.623779,-96.833678,-0.779155,-828.757225,-97.333941,-0.824618,-832.221289,-95.297156,-0.594125,-818.117601,0
2458.597035,-91.908328,-0.750326,-829.445239,-92.378415,-0.795578,-832.913527,-90.464489,-0.569613,-818.792642,0
2463.574010,-86.973866,-0.718891,-830.093611,-87.416631,-0.759212,-833.565492,-85.613945,-0.533861,-819.429976,0
2468.550283,-82.035310,-0.687774,-830.704334,-82.461314,-0.723905,-834.178312,-80.757298,-0.550040,-820.282401,0
2473.550305,-77.071989,-0.649989,-831.307850,-77.494460,-0.684534,-834.782259,-75.804575,-0.499451,-820.884622,0
2478.550299,-72.108667,-0.615912,-831.911365,-72.533787,-0.654608,-835.385451,-69.618679,-0.324758,-811.563148,24
2483.558468,-67.138159,-0.581870,-832.523441,-67.567427,-0.621357,-835.997017,-65.850356,-0.399452,-822.102713,16
2488.558488,-62.176276,-0.546792,-833.138819,-62.607551,-0.588118,-836.612146,-60.913258,-0.401708,-822.966932,0
2493.563417,-57.209660,-0.517834,-833.756238,-57.643348,-0.558845,-837.229265,-55.939576,-0.359534,-823.585231,0
2498.563402,-52.248617,-0.491928,-834.378516,-52.684218,-0.533584,-837.851303,-50.972927,-0.311629,-824.208210,0
2503.563437,-47.287574,-0.457828,-835.000794,-47.724030,-0.502639,-838.473474,-46.009381,-0.263754,-824.830802,0
2508.565864,-42.324489,-0.420049,-835.625808,-42.762064,-0.464197,-839.098347,-41.074273,-0.267683,-825.704267,0
2513.565858,-37.363885,-0.386391,-836.251280,-37.801577,-0.433991,-839.723805,-36.113338,-0.215624,-826.329782,0
2518.564533,-32.404548,-0.350943,-836.876159,-32.841754,-0.398314,-840.348745,-31.155390,-0.165484,-826.954486,0
2523.564524,-27.443828,-0.309810,-837.500236,-27.880698,-0.356638,-840.972864,-26.226835,-0.167064,-827.826486,0
2528.564525,-22.483108,-0.267342,-838.124313,-22.918357,-0.312102,-841.597144,-21.270631,-0.115604,-828.449996,0
2533.560847,-17.525467,-0.223919,-838.743299,-17.958799,-0.265631,-842.216370,-16.318329,-0.064918,-829.068315,0
2538.560848,-12.564132,-0.174001,-839.361894,-12.995863,-0.213337,-842.835164,-11.392291,-0.052989,-829.934445,0
2543.553921,-7.609195,-0.125322,-839.975901,-8.037487,-0.165591,-843.449597,-6.446687,-0.003729,-830.547297,0
2548.553927,-2.646581,-0.081569,-840.584686,-3.072746,-0.120074,-844.058644,-1.489847,0.049565,-831.155372,0
2553.553935,2.316032,-0.037639,-841.193471,1.894313,-0.079659,-844.667972,3.430576,0.075909,-832.010863,0
2558.544104,7.270370,0.011599,-841.788361,6.853515,-0.034122,-845.263448,8.372058,0.122155,-832.604202,0
2563.544134,12.234594,0.065268,-842.383255,11.821063,0.021910,-845.858740,13.327498,0.169648,-833.198046,0
2568.531364,17.187162,0.112679,-842.968312,16.780090,0.070838,-846.444559,18.233919,0.223581,-834.029392,0
2573.531372,22.153631,0.156675,-843.544785,21.750085,0.116223,-847.021443,23.191321,0.268915,-834.604807,0
2578.530727,27.119510,0.193570,-844.121189,26.720762,0.155146,-847.598401,28.144861,0.302039,-835.179788,0
2583.521502,32.078368,0.238712,-844.682900,31.684434,0.200219,-848.160660,33.063203,0.335465,-835.988499,0
2588.521496,37.046417,0.280810,-845.245632,36.652494,0.242905,-848.723394,38.031222,0.375326,-836.551229,0
2593.517289,42.010314,0.320240,-845.807880,41.618401,0.282992,-849.285869,42.990095,0.416755,-837.112909,0
2598.517286,46.979061,0.355769,-846.364880,46.589151,0.319988,-849.843093,47.953835,0.453705,-837.669345,0
2603.517265,51.947809,0.388795,-846.921879,51.557911,0.350764,-850.400094,52.922552,0.500545,-838.226341,0
2608.514085,56.913357,0.430307,-847.478484,56.525173,0.391087,-850.956891,57.883818,0.541149,-838.782467,0
2613.514149,61.882709,0.467180,-848.030597,61.496225,0.425386,-851.509193,62.848921,0.579282,-839.334107,0
2618.514154,66.852061,0.494780,-848.582710,66.465589,0.449570,-852.061307,67.818242,0.613316,-839.886217,0
2623.511694,71.818984,0.519122,-849.134517,71.433653,0.470821,-852.613241,72.782311,0.640070,-840.437707,0
2628.511646,76.788646,0.546426,-849.683364,76.404443,0.501336,-853.162213,77.749152,0.665331,-840.986243,0
2633.511673,81.758308,0.585138,-850.232212,81.374118,0.543516,-853.711062,82.746223,0.695259,-841.286597,0
2638.509918,86.726259,0.615568,-850.780832,86.342986,0.576435,-854.259783,87.711818,0.727725,-841.834957,0
2643.509907,91.696238,0.644430,-851.327064,91.313868,0.609338,-854.806115,92.679474,0.743659,-842.380934,0
2648.509916,96.666216,0.676545,-851.873296,96.283854,0.634963,-855.352348,97.649434,0.769171,-842.927164,0
2653.509152,101.635455,0.704370,-852.419426,101.253510,0.667943,-855.898523,102.617602,0.807140,-843.473176,0
2658.509137,106.605573,0.730902,-852.964469,106.224036,0.695398,-856.443611,107.586667,0.836700,-844.018104,0
2663.509152,111.575690,0.762831,-853.509512,111.194154,0.728476,-856.988654,112.556784,0.868026,-844.563147,0
2668.508884,116.545526,0.794539,-854.054523,116.164002,0.756583,-857.533667,117.526587,0.899816,-845.108154,0
2673.508853,121.515622,0.822953,-854.599527,121.134111,0.788815,-858.078672,122.496651,0.922766,-845.653155,0
2678.508864,126.485719,0.857972,-855.144531,126.104201,0.825096,-858.623676,127.466763,0.941077,-846.198161,0
2683.509586,131.456556,0.887295,-855.689634,131.074776,0.856401,-859.168750,132.438275,0.967397,-846.743337,0
2688.509592,136.426598,0.917023,-856.235391,136.044562,0.886547,-859.714478,137.408977,1.002656,-847.289167,0
2693.509578,141.396641,0.943256,-856.781148,141.014584,0.916032,-860.260233,142.406364,1.043290,-847.586424,0
2698.511037,146.368136,0.970423,-857.327125,145.985291,0.942458,-860.806124,147.379942,1.082547,-848.132630,0
2703.511014,151.337923,0.996447,-857.875134,150.954310,0.962665,-861.354048,152.351757,1.118704,-848.680862,0
2708.511013,156.307710,1.026205,-858.423142,155.924132,0.993199,-861.902060,157.321452,1.156334,-849.228860,0
2713.508823,161.275272,1.064892,-858.970804,160.892860,1.033291,-862.449850,162.285933,1.186974,-849.776182,0
2718.508827,166.245403,1.098998,-859.515480,165.865239,1.065358,-862.994772,167.250125,1.209746,-850.320208,0
2723.502835,171.209907,1.135493,-860.056312,170.832605,1.100662,-863.535916,172.207061,1.241278,-850.860216,0
2728.502817,176.180868,1.174626,-860.592805,175.807088,1.143807,-864.072789,177.168714,1.271804,-851.395705,0
2733.498407,181.148032,1.210717,-861.123750,180.776810,1.182158,-864.604008,182.129119,1.302729,-851.925926,0
2738.494540,186.116014,1.240487,-861.652538,185.773424,1.210274,-864.884431,187.091077,1.334167,-852.454074,0
2743.494539,191.088305,1.268443,-862.177447,190.721323,1.237077,-865.658155,192.058186,1.368049,-852.978435,0
2748.493184,196.059386,1.296647,-862.700899,195.693377,1.262736,-866.181709,197.026695,1.399200,-853.501616,0
2753.493181,201.031983,1.321875,-863.223030,200.666840,1.289011,-866.703930,201.997006,1.427040,-854.023506,0
2758.491858,206.003383,1.344710,-863.744016,205.638621,1.312753,-867.224957,206.967398,1.458162,-854.544387,0
2763.492610,210.976861,1.366499,-864.265137,210.611958,1.336311,-867.746063,211.941249,1.483851,-855.065547,0
2768.492606,215.949539,1.387454,-864.786666,215.583929,1.358229,-868.267518,216.915793,1.514484,-855.587272,0
2773.494288,220.923756,1.402012,-865.309905,220.557184,1.375246,-868.790656,221.892552,1.540607,-856.110779,0
2778.494316,225.896168,1.425081,-865.834185,225.527897,1.392829,-869.314756,226.869453,1.569991,-856.635532,0
2783.497279,230.871147,1.439046,-866.362413,230.505157,1.406481,-869.843225,231.838406,1.592515,-857.163125,0
2788.470661,235.817765,1.456229,-866.877391,235.491083,1.424705,-870.362112,236.681140,1.566920,-857.667772,0
2793.354467,240.684732,1.468988,-867.282408,240.446900,1.437717,-870.774318,241.296298,1.545264,-858.303211,0
2798.235513,245.558894,1.487966,-867.540851,245.418722,1.452790,-871.288231,246.259752,1.595386,-848.803955,24
2803.175624,250.497752,1.511847,-867.649467,250.474316,1.470803,-871.899402,250.597013,1.624917,-849.649740,8
2808.052150,255.373950,1.527056,-867.594977,255.502962,1.481865,-872.343225,254.905433,1.654808,-850.351341,8
2812.924867,260.242063,1.552299,-867.384709,260.569528,1.499752,-872.874952,259.244783,1.660388,-850.664424,0
2817.794514,265.097600,1.575660,-867.015011,265.676251,1.522186,-873.238166,263.616251,1.666006,-851.083733,0
2822.658684,269.932604,1.598749,-866.483647,270.850921,1.543811,-873.675253,268.032639,1.679891,-851.604463,0
2827.566925,274.789722,1.620052,-865.777396,276.089894,1.557306,-873.671036,272.514421,1.723605,-851.963526,0
2832.448109,279.590015,1.650242,-864.892962,281.978564,1.490302,-876.652845,276.902898,1.752440,-851.663095,8
2837.300822,284.327111,1.673887,-863.840258,288.207446,1.365345,-879.877496,281.152291,1.776034,-850.718881,8
2842.150865,289.018881,1.697440,-862.611574,291.804538,1.599782,-872.475783,285.282024,1.795014,-849.379099,16
2846.994380,293.653979,1.726382,-861.206346,296.826683,1.631774,-870.952958,292.415850,1.760294,-857.402790,16
2851.915783,298.302222,1.746694,-859.589673,301.960142,1.646586,-869.431910,296.995822,1.776590,-856.074589,0
2856.751940,302.798114,1.770745,-857.807879,306.961708,1.661085,-867.718832,301.345698,1.797630,-854.350570,0
2861.584118,307.213988,1.790654,-855.845838,311.781937,1.693978,-865.577042,305.726748,1.818571,-852.677539,0
2866.412705,311.541302,1.821031,-853.703717,316.517609,1.717397,-863.232561,309.921109,1.843233,-850.601302,0
2871.326110,315.847194,1.848425,-851.337265,321.365753,1.740869,-860.852806,314.091289,1.876343,-848.309594,0
2876.148884,319.961181,1.872733,-848.820589,325.899676,1.762424,-858.079870,318.071660,1.902926,-845.874454,0
2880.968255,323.961548,1.899024,-846.133077,330.289158,1.794323,-855.130929,321.948217,1.928826,-843.270124,0
2885.781111,327.838285,1.928701,-843.281129,334.411223,1.820684,-851.787537,325.698258,1.958370,-840.511600,0
2890.683351,331.646811,1.954847,-840.194642,351.022936,1.574007,-863.098042,329.224795,1.988019,-837.331716,26
2895.493533,335.251408,1.981664,-837.009675,355.586728,1.582718,-859.065848,332.540032,2.020746,-834.068852,10
2900.401978,338.790324,2.009118,-833.608475,360.045269,1.591930,-854.779854,335.779206,2.050834,-830.609197,10
2905.223655,342.116298,2.038674,-830.117689,364.220983,1.601056,-850.400266,338.800595,2.082185,-827.075303,10
2910.054927,345.315299,2.061413,-826.497321,368.191378,1.637330,-845.905696,341.693253,2.111325,-823.424328,10
2914.976114,348.424274,2.088549,-822.682664,372.024167,1.668207,-841.204139,344.294293,2.143887,-819.441405,10
2919.821611,351.343944,2.116598,-818.815677,375.582125,1.692243,-836.493647,329.529582,2.284718,-802.905504,26
2924.677283,354.139971,2.142160,-814.845899,378.970108,1.720592,-831.682297,348.760108,2.202217,-811.198013,26
2929.610178,356.836488,2.168131,-810.715333,362.755896,2.092510,-814.451723,350.705672,2.234244,-806.845501,16
2934.482062,359.372786,2.189241,-806.555766,364.754102,2.124484,-809.734434,352.699953,2.266807,-802.614217,0
2939.363104,361.796168,2.209283,-802.318858,366.829090,2.144894,-805.099542,354.356198,2.301495,-798.208282,0
2944.306584,364.123327,2.236543,-797.957484,368.785739,2.179107,-800.370868,356.130622,2.334586,-793.820256,0
2949.203781,366.319415,2.266862,-793.580406,370.589216,2.215668,-795.661584,357.779814,2.365246,-789.418050,0
2954.109832,368.418192,2.294084,-789.146026,372.507694,2.244199,-791.023783,359.557604,2.400171,-785.077551,0
2959.065955,370.434320,2.335455,-784.618700,374.104649,2.290198,-786.208884,361.258497,2.439372,-780.643240,0
2963.985384,372.343865,2.367765,-780.085118,376.044100,2.320915,-781.604414,362.862013,2.476750,-776.191921,0
2968.913194,374.174295,2.403717,-775.510017,377.667707,2.360484,-776.873312,364.392741,2.506197,-771.692793,0
2973.880859,375.941099,2.437465,-770.867285,379.221944,2.399602,-772.086324,365.864217,2.542477,-767.123094,0
2978.822393,377.625447,2.472903,-766.221806,380.923559,2.433378,-767.393323,359.014668,2.631060,-759.611102,24
2983.771781,379.251628,2.506983,-761.547320,382.563904,2.464788,-762.678171,360.560924,2.675674,-755.166090,8
2988.729312,380.826245,2.541292,-756.846627,384.150445,2.499751,-757.941931,368.004329,2.664713,-752.621882,16
2993.712051,382.362254,2.580253,-752.106706,385.693117,2.541096,-753.181577,370.228392,2.693235,-748.191108,0
2998.694506,383.886529,2.614146,-747.363259,387.221262,2.574190,-748.426064,372.453158,2.722978,-743.719355,0
3003.694519,385.393429,2.651968,-742.595875,388.732172,2.611682,-743.646015,374.661756,2.753208,-739.220422,0
3008.673987,386.880705,2.680039,-737.843788,390.222472,2.646440,-738.884267,376.616708,2.789441,-734.648032,0
3013.674005,388.360059,2.717376,-733.067775,391.706369,2.681149,-734.093547,378.082106,2.824616,-729.917190,0
3018.652000,389.804942,2.755534,-728.304238,393.155723,2.715584,-729.315309,379.513256,2.861977,-725.198807,0
3023.625937,391.234870,2.788500,-723.540388,394.589671,2.748505,-724.538041,380.930839,2.896413,-720.476167,0
3028.625943,392.647867,2.827960,-718.744354,396.008167,2.788075,-719.723327,382.326948,2.928477,-715.737508,0
3033.596300,394.023549,2.865913,-713.968319,397.388529,2.827404,-714.931083,383.688256,2.960478,-711.011258,0
3038.562480,395.381088,2.900267,-709.191411,398.751788,2.860002,-710.133949,385.028222,2.996882,-706.296472,0
3043.562468,396.707326,2.929350,-704.370610,400.084832,2.889311,-705.288462,386.333557,3.033923,-701.551494,0
3048.522934,397.993083,2.964198,-699.579802,401.375791,2.926063,-700.478296,387.603340,3.062731,-696.820141,0
3053.477211,399.252495,2.999013,-694.788400,402.643238,2.958730,-695.656077,388.838071,3.102839,-692.123392,0
3058.477216,400.460711,3.035721,-689.936708,403.861337,2.995750,-690.764806,390.015933,3.140307,-687.393265,0
3063.405537,401.601435,3.072052,-685.142360,405.010416,3.031506,-685.935361,391.130994,3.174042,-682.706715,0
3068.405522,402.710097,3.107195,-680.266964,406.125266,3.069857,-681.032876,392.464591,3.208396,-677.969227,0
3073.321090,403.771213,3.141721,-675.467418,407.440033,3.104522,-676.243471,393.498516,3.248657,-673.294469,0
3078.321110,404.761963,3.180489,-670.566691,421.424864,3.121369,-673.935329,394.470171,3.286783,-668.486062,24
3083.321108,405.752713,3.216128,-665.665965,421.221609,3.167312,-668.628356,395.685654,3.315062,-663.738059,8
3088.244971,406.628378,3.251252,-660.820720,421.390636,3.210173,-663.480745,396.786873,3.348070,-659.047369,8
3093.244968,407.512515,3.287572,-655.899647,421.306244,3.252610,-658.294024,397.906169,3.390526,-654.232134,0
3098.175839,408.326744,3.327422,-651.036630,421.403440,3.295044,-653.172638,398.704270,3.427994,-649.464851,0
3103.175839,409.113391,3.365343,-646.099044,421.461531,3.337443,-648.041577,399.728804,3.459802,-644.622719,0
3108.112763,409.870920,3.404039,-641.220739,421.246900,3.375074,-642.905096,400.720674,3.491861,-639.865930,0
3113.112787,410.568729,3.446961,-636.269834,421.213516,3.413962,-637.770172,401.656814,3.524977,-635.013737,0
3118.112764,411.266538,3.484094,-631.318929,421.177974,3.452740,-632.646871,402.594031,3.562071,-630.156980,0
3123.054676,411.888884,3.523379,-626.416518,421.066891,3.490400,-627.568332,403.455039,3.598368,-625.358094,0
3128.054665,412.504469,3.561320,-621.454714,420.943062,3.528045,-622.474587,404.314070,3.631979,-620.464837,0
3133.001133,413.082269,3.599543,-616.542256,421.280037,3.566351,-617.469139,405.132919,3.664364,-615.643461,0
3138.001122,413.621905,3.637069,-611.571615,421.823728,3.603555,-612.461887,406.165701,3.706252,-610.762277,0
3142.962765,414.157217,3.672859,-606.639065,421.121591,3.609237,-607.344406,406.944117,3.741603,-605.908533,0
3147.950809,414.624407,3.716807,-601.673142,421.842534,3.646865,-602.352217,407.655181,3.776543,-601.017484,0
3152.950751,415.092712,3.759198,-596.695359,422.562513,3.709089,-597.367719,408.369890,3.813712,-596.090236,0
3157.903952,415.516648,3.798227,-591.760488,423.239961,3.755611,-592.403094,409.039031,3.847685,-591.221529,0
3162.903992,415.917976,3.834007,-586.776710,423.892839,3.757860,-587.410394,409.687614,3.883856,-586.281644,0
3167.869039,416.305968,3.867326,-581.826957,427.774224,3.855187,-582.680836,410.322531,3.919513,-581.381455,0
3172.869084,416.657863,3.905665,-576.839458,425.386165,3.816415,-577.455287,410.922122,3.949640,-576.434771,0
3177.869049,417.009758,3.931637,-571.851959,425.739584,3.856160,-572.445781,411.522438,3.982385,-571.478700,0
3182.848239,417.335091,3.958127,-566.883480,426.316136,3.873738,-567.467280,406.607731,4.044471,-566.186163,16
3187.848241,417.657066,3.982241,-561.893913,426.888498,3.896380,-562.479715,407.926638,4.058612,-561.276446,0
3192.832357,417.967379,3.998327,-556.919492,427.449654,3.911449,-557.499537,408.984171,4.073434,-556.369977,0
3197.832356,418.266666,4.013608,-551.928482,427.749724,3.926648,-552.495602,410.031380,4.082646,-551.435984,0
3202.821187,418.563677,4.032730,-546.948537,428.297189,3.938584,-547.515324,411.325937,4.090283,-546.527081,0
3207.821185,418.847332,4.049132,-541.956619,428.581630,3.952628,-542.509750,412.357801,4.099604,-541.587864,0
3212.821188,419.130988,4.066752,-536.964700,429.115265,3.978519,-537.525237,413.390028,4.101664,-536.642391,0
3217.814968,419.407520,4.068012,-531.978582,429.392307,3.987713,-532.529956,414.165506,4.106437,-531.689111,0
3222.814968,419.682019,4.072210,-526.986124,429.666972,3.979692,-527.534505,415.188790,4.108141,-526.739353,0
3227.813765,419.955834,4.083793,-521.994846,430.190502,3.989356,-522.555264,415.961817,4.116675,-521.776146,0
3232.813765,420.228701,4.087835,-517.002298,430.463421,4.019585,-517.561782,416.234665,4.117368,-516.783963,0
3237.817511,420.501875,4.083102,-512.006017,430.736298,4.024513,-512.570899,416.507954,4.115250,-511.785576,0
3242.817508,420.780011,4.076049,-507.013767,431.263753,4.011001,-507.597853,417.035818,4.112857,-506.805165,0
3247.817512,421.058147,4.065289,-502.021517,431.541398,4.002134,-502.614341,417.314128,4.097619,-501.809794,0
3252.826246,421.345098,4.057029,-497.021016,431.827593,3.991375,-497.627066,417.601350,4.088680,-496.804570,0
3257.826241,421.635840,4.047466,-492.029490,432.117719,3.977594,-492.646097,418.141880,4.077685,-491.823955,0
3262.839653,421.933127,4.032017,-487.024925,432.413810,3.961921,-487.661539,418.439566,4.060871,-486.812720,0
3267.839654,422.242949,4.015814,-482.034557,432.722771,3.952976,-482.685185,418.749674,4.042826,-481.817681,0
3272.839662,422.552770,3.997941,-477.044190,433.280923,3.928440,-477.729199,419.059883,4.026202,-476.821164,0
3277.852641,422.880988,3.977556,-472.042008,433.607362,3.906118,-472.754334,419.388680,4.004176,-471.810089,0
3282.861704,423.216851,3.950600,-467.044291,433.942140,3.884379,-467.772765,419.724897,3.977060,-466.807114,0
3287.868305,423.559690,3.926318,-462.049502,434.283845,3.858160,-462.794476,420.068104,3.955390,-461.806952,0
3292.868279,423.910299,3.903803,-457.061886,434.633424,3.833001,-457.821549,420.419049,3.933329,-456.814553,0
3297.873749,424.266727,3.871863,-452.069225,434.989154,3.804882,-452.838685,420.775705,3.902066,-451.818703,0
3302.876872,424.626673,3.834253,-447.079208,435.348554,3.776173,-447.856237,421.135828,3.863085,-446.826221,0
3307.876891,424.989756,3.804814,-442.092477,435.711183,3.746140,-442.875731,421.499058,3.830679,-441.837464,0
3312.878902,425.355420,3.784447,-437.103891,436.076650,3.719133,-437.889850,421.864787,3.811057,-436.847997,0
3317.878531,425.720987,3.746968,-432.117786,436.442244,3.687240,-432.903383,422.230346,3.772568,-431.862010,0
3322.877092,426.086057,3.712728,-427.132691,436.807486,3.654826,-427.915932,422.595359,3.736548,-426.877682,0
3327.877062,426.449463,3.687773,-422.146007,437.171289,3.622532,-422.923792,422.958636,3.716480,-421.892775,0
3332.873533,426.809310,3.658862,-417.162595,437.530953,3.590418,-417.942898,423.318542,3.686460,-416.908543,0
3337.899212,427.176921,3.626805,-412.150481,437.890243,3.562478,-413.037745,423.688863,3.655598,-411.861605,0
3343.009256,427.645825,3.607563,-407.062033,438.086296,3.534236,-408.178535,424.165668,3.636415,-406.689865,0
3348.114186,428.262993,3.594326,-401.994564,438.419258,3.508352,-403.377604,424.299573,3.632560,-401.454842,0
3353.217648,429.023103,3.571753,-396.948076,438.889869,3.488566,-398.575015,424.829728,3.611853,-396.256627,0
3358.267231,429.914656,3.553145,-391.977856,439.242165,3.473800,-393.779961,425.005441,3.597330,-391.029380,0
3363.364617,430.947745,3.526127,-386.986329,439.492776,3.451463,-388.869131,425.576582,3.572354,-385.802854,0
3368.457571,432.107162,3.488463,-382.027246,439.874231,3.427999,-383.943660,426.039139,3.542377,-380.530048,0
3373.546116,433.386484,3.447457,-377.102315,440.381829,3.392101,-379.006957,426.632359,3.503136,-375.263350,0
3378.630818,434.779470,3.394621,-372.212428,441.010641,3.349597,-374.062429,427.349996,3.454740,-370.006659,0
3383.711621,436.279389,3.335165,-367.358433,441.754850,3.295221,-369.113947,428.423293,3.401820,-364.839653,0
3388.788939,437.880420,3.274016,-362.540538,442.609296,3.238640,-364.164648,429.368444,3.345764,-359.617140,0
3393.861173,439.575780,3.212131,-357.760425,443.802478,3.181274,-359.304778,430.652752,3.295687,-354.500123,0
3398.896125,441.348717,3.158408,-353.048254,445.079469,3.128449,-354.490992,432.021838,3.251690,-349.441409,0
3403.962176,443.218676,3.099120,-348.340324,446.692175,3.068975,-349.753585,433.724447,3.191394,-344.477409,0
3409.023660,445.165080,3.038944,-343.668438,448.385308,3.012832,-345.039616,435.504394,3.128665,-339.554906,0
3414.081546,447.182672,2.974916,-339.030827,450.381871,2.953129,-340.450378,437.356560,3.051460,-334.670779,0
3419.134959,449.265621,2.906746,-334.427170,452.444580,2.883761,-335.891486,439.274607,2.980337,-329.825035,0
3424.186450,451.409838,2.838384,-329.853854,454.569155,2.814265,-331.360080,441.480556,2.910842,-325.120001,0
3429.209288,453.600656,2.776123,-325.334413,456.741043,2.751378,-326.879719,443.730868,2.863868,-320.477739,0
3434.253713,455.854316,2.721657,-320.821735,459.202278,2.696430,-322.511009,446.256824,2.804124,-315.979148,0
3439.274266,458.134385,2.673967,-316.349043,461.696120,2.644732,-318.169495,448.784832,2.761691,-311.570357,0
3444.275739,460.415321,2.642765,-311.898078,464.199866,2.614898,-313.831912,451.287887,2.721051,-307.234126,0
3449.257074,462.676670,2.612352,-307.459715,466.915419,2.584125,-309.603429,453.976081,2.682607,-303.059459,0
3454.236858,464.910736,2.576550,-303.009331,469.839243,2.535433,-305.450606,456.845907,2.649123,-299.014518,0
3459.187200,467.084180,2.548108,-298.561723,472.718176,2.506137,-301.267382,459.647306,2.613524,-294.990253,0
3464.117988,469.188164,2.521252,-294.102440,475.774649,2.472634,-297.132409,462.374558,2.586784,-290.967990,0
3469.059607,471.209869,2.494604,-289.593383,478.776495,2.435379,-292.881036,465.018992,2.564646,-286.903485,0
3473.950998,473.106339,2.474433,-285.084647,481.453275,2.402012,-288.450457,467.773575,2.527272,-282.934269,0
3478.865552,474.876641,2.449224,-280.500082,483.799721,2.372685,-283.760242,470.180283,2.488956,-278.784209,0
3483.709628,476.454648,2.424386,-275.920305,485.977737,2.340295,-278.971661,472.169257,2.460341,-274.547195,0
3488.520277,477.821905,2.402084,-271.308099,487.723103,2.323946,-273.959282,473.958023,2.432753,-270.273491,0
3493.304759,478.935541,2.380891,-266.655075,489.223459,2.303901,-268.754776,475.261285,2.407308,-265.905182,0
3498.110626,479.738608,2.362209,-261.916817,490.152386,2.290231,-263.259659,476.267349,2.383418,-261.469202,0
3502.797874,480.148630,2.356421,-257.247540,490.886063,2.283295,-257.767197,476.652722,2.377475,-257.078349,0
3507.473050,480.190840,2.355069,-252.572555,490.687147,2.289626,-252.294067,476.692072,2.380231,-252.665384,0
3512.296040,479.896868,2.349846,-247.758534,490.355832,2.275388,-246.831124,476.410547,2.376869,-248.067671,0
3517.139531,479.337371,2.352714,-242.947469,489.737137,2.268582,-241.500103,475.623169,2.390046,-243.464385,0
3521.950394,478.566410,2.356423,-238.198783,488.650296,2.258983,-236.360922,474.631235,2.400023,-238.915998,0
3526.850510,477.596478,2.351012,-233.395624,487.368319,2.257495,-231.271683,473.443445,2.394810,-234.298299,0
3531.764729,476.482131,2.357987,-228.609422,485.951412,2.263494,-226.286663,472.111693,2.400885,-229.681464,0
3536.698208,475.250617,2.377785,-223.832164,484.426181,2.279081,-221.370655,469.455524,2.453541,-225.386801,0
3541.634956,473.924842,2.402217,-219.076829,482.819664,2.305575,-216.538197,466.232024,2.503774,-221.272402,0
3546.597945,472.533764,2.435037,-214.312893,481.161268,2.333496,-211.750436,462.228691,2.548310,-217.373607,0
3551.575499,471.094712,2.478767,-209.548100,479.464581,2.371515,-206.997065,457.224642,2.609710,-213.775529,0
3556.564004,469.628312,2.522158,-204.780190,477.990411,2.412990,-202.203797,450.992777,2.668804,-210.521865,8
3561.566590,468.152986,2.560854,-200.000254,476.279079,2.460650,-197.506942,442.579692,2.667428,-207.846854,24
3566.581285,466.690030,2.601254,-195.203871,474.590548,2.515038,-192.828093,460.704789,2.664571,-197.003703,16
3571.609933,465.260879,2.636682,-190.382712,472.946092,2.557184,-188.160665,459.016643,2.690757,-192.188126,0
3576.709483,463.876980,2.663580,-185.474605,471.355577,2.602068,-183.441605,457.122119,2.703132,-187.310863,0
3581.750706,462.600891,2.696962,-180.597678,469.867950,2.656258,-178.742993,455.576068,2.710912,-182.390541,0
3586.771649,461.388790,2.728075,-175.725337,468.188056,2.699326,-174.061009,453.861032,2.751311,-177.567986,0
3591.799566,460.211721,2.755891,-170.837221,466.537984,2.725914,-169.344442,452.182232,2.789943,-172.731902,0
3596.834453,459.077830,2.769277,-165.931693,464.930860,2.737689,-164.611827,450.786039,2.798781,-167.801504,0
3601.874878,457.995415,2.781377,-161.008877,463.374333,2.754098,-159.861164,449.193550,2.821838,-162.886954,0
3606.920906,456.973088,2.799247,-156.067529,462.121702,2.776229,-155.040747,447.656550,2.841625,-157.925515,0
3611.974820,456.020164,2.825399,-151.104334,460.692081,2.806558,-150.246612,446.430438,2.864614,-152.864921,0
3617.036613,455.146550,2.852059,-146.118571,459.832590,2.836361,-145.341700,445.034568,2.885325,-147.794976,0
3622.103404,454.363703,2.870997,-141.112659,458.816684,2.859348,-140.463848,443.973413,2.902746,-142.626550,0
3627.182466,453.683807,2.886691,-136.079333,457.902069,2.874891,-135.560909,443.014085,2.912901,-137.390640,0
3632.269802,453.123677,2.892659,-131.022930,457.105005,2.881630,-130.636885,442.175026,2.925195,-132.084553,0
3637.368557,452.700827,2.885456,-125.941745,456.442322,2.877313,-125.689327,441.725775,2.925461,-126.682170,0
3642.480286,452.436480,2.873303,-120.836869,455.934510,2.861423,-120.719446,441.442673,2.922180,-121.205915,0
3647.606674,452.357400,2.858141,-115.711114,455.857335,2.835350,-115.732531,441.357606,2.910441,-115.643806,0
3652.827550,452.499780,2.848163,-110.492189,455.994797,2.826199,-110.678876,441.265795,2.902823,-109.892126,0
3657.999535,452.911553,2.834981,-105.336639,456.390556,2.816749,-105.719445,441.729044,2.864310,-104.106193,0
3663.193966,453.633075,2.813745,-100.192607,457.324674,2.806979,-100.851848,442.558278,2.807216,-98.214886,0
3668.542841,454.763758,2.780675,-94.964708,458.392913,2.786780,-95.909022,443.876291,2.759807,-92.131764,0
3673.795808,456.300403,2.748355,-89.941627,459.846263,2.763555,-91.162026,445.426430,2.701352,-86.199071,0
3679.004362,458.166224,2.712334,-85.078866,461.398628,2.734793,-86.421089,447.545467,2.643868,-80.668703,0
3684.173584,460.278596,2.667777,-80.361159,463.441954,2.696651,-81.858879,449.884705,2.587440,-75.440080,0
3689.307728,462.574034,2.612997,-75.769058,465.900179,2.647002,-77.500896,452.373857,2.521008,-70.458089,0
3694.364975,464.984282,2.555471,-71.323481,468.257281,2.588374,-73.153775,455.165283,2.473044,-65.832601,0
3699.455686,467.526280,2.495534,-66.913267,471.188421,2.522000,-69.069935,458.263215,2.429511,-61.458165,0
3704.521090,470.137497,2.447868,-62.573038,473.977946,2.481346,-64.918449,461.389809,2.378988,-57.230711,0
3709.565707,472.795287,2.398063,-58.285634,477.033059,2.440433,-60.939176,464.531631,2.324776,-53.111227,0
3714.578834,475.474877,2.342309,-54.049111,480.327902,2.388260,-57.133045,467.878839,2.266269,-49.222083,0
3719.589570,478.171052,2.278287,-49.826076,503.457839,2.057377,-65.968519,471.217186,2.214148,-45.386905,26
3724.579767,480.855784,2.218952,-45.620038,506.174926,2.019510,-61.711683,474.525998,2.167275,-41.597126,10
3729.567021,483.522456,2.160577,-41.405996,508.519267,1.974635,-57.071545,477.802847,2.107774,-37.821506,8
3734.526298,486.137318,2.100227,-37.192531,509.167581,1.960569,-51.285330,481.019482,2.051924,-34.060798,8
3739.460291,488.685806,2.038320,-32.968118,509.772896,1.955168,-45.441476,484.167144,1.996232,-30.295256,8
3744.419794,491.173736,1.986297,-28.678111,510.556892,1.941463,-39.603118,487.035759,1.941758,-26.345806,8
3749.317394,493.525020,1.917862,-24.382383,510.985045,1.921925,-33.613310,489.988812,1.873807,-22.512828,8
3754.186485,495.737717,1.860766,-20.045477,511.691221,1.898572,-27.826748,492.367258,1.821682,-18.401546,8
3759.021912,497.778275,1.796634,-15.662171,507.393664,1.926692,-19.880500,494.573145,1.753937,-14.256062,16
3763.820806,499.606938,1.729763,-11.225855,509.660474,1.870456,-15.032284,496.333693,1.685391,-9.986553,0
3768.705175,501.205276,1.670959,-6.610780,511.481247,1.795659,-9.767823,497.859611,1.625729,-5.582906,0
3773.395546,502.416764,1.604998,-2.080049,512.897949,1.734878,-4.469039,499.004286,1.571677,-1.302238,0
3778.119193,503.295706,1.532400,2.560537,513.919702,1.663516,0.919437,499.836730,1.496026,3.094848,0
3782.879408,503.863576,1.458496,7.286181,514.574201,1.593203,6.366942,500.376395,1.423339,7.585467,0
3787.674696,504.112224,1.375987,12.074307,514.859797,1.524737,11.845859,500.613015,1.335831,12.148685,0
3792.411604,504.066013,1.282053,16.810057,514.806320,1.445679,17.266457,500.569168,1.232684,16.661462,0
3797.233201,503.706697,1.194133,21.617443,514.397094,1.360883,22.747893,500.226103,1.148050,21.249390,0
3801.952325,503.063356,1.121403,26.291944,513.409881,1.274991,28.080634,499.614514,1.071856,25.695714,0
3806.758923,502.085099,1.052707,30.997439,512.288117,1.184649,33.477042,498.684094,1.006089,30.170904,0
3811.556506,500.796793,0.987597,35.618350,510.563337,1.070963,38.729157,497.223667,0.951609,34.480251,0
3816.234104,499.211723,0.912383,40.018558,508.717609,0.969844,43.852699,495.733960,0.886938,38.615824,0
3821.004052,497.265705,0.839958,44.372885,506.454322,0.889614,48.915111,493.679903,0.822737,42.600310,0
3825.640745,495.046843,0.785439,48.443831,503.824229,0.806843,53.737224,491.621522,0.787794,46.378117,0
3830.382602,492.427234,0.724032,52.395930,500.717646,0.736983,58.423497,489.191951,0.726007,50.043709,0
3835.110227,489.483912,0.670358,56.095176,497.418662,0.661631,62.971931,486.650073,0.672763,53.639192,0
3839.879393,486.213303,0.622756,59.565880,493.932901,0.589177,67.047210,483.699945,0.636122,57.130098,0
3844.784474,482.752168,0.581429,63.041316,490.290459,0.527994,70.705302,480.297841,0.603134,60.546065,0
3849.740363,479.183740,0.541906,66.480152,486.579483,0.483233,74.281786,476.775824,0.566488,63.940086,0
3854.696126,475.559515,0.488741,69.859761,482.818725,0.428796,77.788592,472.689595,0.514606,66.725106,0
3859.614946,471.901357,0.430564,73.147509,478.857522,0.358553,81.012734,467.926405,0.466044,68.653095,0
3864.575220,468.160145,0.371559,76.403915,474.665070,0.304942,83.999042,462.468337,0.447275,69.758178,0
3869.506078,464.389526,0.335285,79.581093,470.620512,0.243867,87.080248,456.401082,0.445020,69.966793,0
3874.475239,460.546083,0.285042,82.730377,466.360926,0.213580,89.924131,449.387871,0.441048,68.926146,24
3879.418737,456.681146,0.217626,85.811918,462.099264,0.153112,92.682617,440.271990,0.468123,65.003515,24
3884.395529,452.757249,0.152815,88.872520,457.797925,0.067907,95.403530,434.427520,0.452351,65.123393,10
3889.355599,448.815480,0.092523,91.882689,453.496987,-0.004595,98.058933,430.693518,0.377231,67.974647,10
3894.325973,444.844109,0.019036,94.870570,449.185213,-0.064032,100.677231,426.880920,0.301243,70.843006,10
3899.317208,440.837833,-0.044148,97.846839,444.854280,-0.122852,103.271842,422.986956,0.225792,73.735717,10
3904.306703,436.823272,-0.113217,100.808866,440.530512,-0.176873,105.840652,419.028522,0.163114,76.656291,10
3909.306729,432.796203,-0.184167,103.771623,436.205807,-0.238340,108.401645,415.006965,0.108024,79.614988,10
3914.314253,428.765673,-0.243752,106.742579,431.887174,-0.278318,110.963803,423.117244,-0.155827,99.104173,16
3919.333050,424.735117,-0.295014,109.732615,427.575620,-0.333242,113.539719,418.755111,-0.212078,101.717658,0
3924.347940,420.724034,-0.326217,112.742492,423.287868,-0.360326,116.132073,414.389855,-0.241894,104.368236,0
3929.384683,416.718694,-0.362407,115.796132,419.158632,-0.393820,118.965786,410.161361,-0.264197,107.277689,0
3934.409284,412.751680,-0.412693,118.879457,415.071169,-0.443040,121.826061,405.947847,-0.290164,110.236087,0
3939.463367,408.799820,-0.465280,122.029661,410.998693,-0.501377,124.752703,392.779461,-0.065063,102.190355,24
3944.527362,404.880170,-0.502693,125.235749,407.118085,-0.547204,127.926797,390.014023,-0.105566,107.359503,8
3949.563530,401.034539,-0.533889,128.487383,403.315900,-0.590347,131.141699,387.509326,-0.152269,112.751084,8
3954.649055,397.204458,-0.547637,131.832957,399.709686,-0.611356,134.623357,384.845334,-0.196034,118.066983,8
3959.754273,393.452263,-0.559432,135.294768,396.210494,-0.633294,138.191691,382.074560,-0.238010,123.344961,0
3964.856350,389.812944,-0.558559,138.870597,392.836655,-0.636533,141.857179,379.496754,-0.276446,128.681082,0
3969.953262,386.285991,-0.570563,142.550131,389.761169,-0.660568,145.788284,376.957882,-0.311185,133.858245,0
3975.044217,382.868423,-0.584276,146.323440,386.806392,-0.691593,149.795456,374.429917,-0.343787,138.883405,0
3980.131619,379.555290,-0.590837,150.184108,383.966229,-0.718398,153.872755,371.884091,-0.370515,143.769070,0
3985.214469,376.344715,-0.605141,154.124587,381.433267,-0.754547,158.168920,369.299026,-0.407561,148.524741,0
3990.333038,373.208400,-0.617709,158.169722,378.790124,-0.762185,162.393981,367.028635,-0.442850,153.492865,0
3995.406019,370.194906,-0.629405,162.250636,384.182091,-0.980542,172.346236,364.518947,-0.469657,158.153871,24
4000.475026,367.273139,-0.632007,166.392869,381.882100,-0.934794,176.474573,362.129138,-0.496908,162.842973,8
4005.542979,364.437601,-0.648656,170.593298,379.246930,-0.959290,180.378301,359.848795,-0.538287,167.561325,8
4010.605626,361.688777,-0.668983,174.844644,376.473236,-0.978355,184.207859,357.464646,-0.570184,172.169440,8
4015.665936,359.021689,-0.689231,179.144990,373.762032,-1.002567,188.105169,355.176382,-0.601484,176.807552,8
4020.723614,356.433448,-0.714102,183.490159,371.113032,-1.031688,192.063946,352.979428,-0.648055,181.472797,0
4025.779074,353.921480,-0.740810,187.877297,362.859192,-0.849080,192.895247,350.651586,-0.682734,186.041462,16
4030.857779,351.472445,-0.765510,192.326438,360.711546,-0.859266,197.315327,348.172766,-0.721540,190.544692,0
4035.904907,349.110595,-0.794179,196.786747,358.647375,-0.868326,201.747829,346.005597,-0.751759,195.171511,0
4040.942880,346.818394,-0.815580,201.273006,356.403282,-0.897372,206.140492,343.697733,-0.784907,199.688243,0
4045.942892,344.565548,-0.831234,205.736699,354.162512,-0.908756,210.580331,341.440955,-0.803937,204.159703,0
4050.942916,342.312701,-0.850323,210.200393,351.909665,-0.916683,215.044025,339.188108,-0.828592,208.623396,0
4055.942908,340.059854,-0.856644,214.664086,349.658476,-0.924899,219.504434,336.934722,-0.831399,213.088159,0
4060.945480,337.808908,-0.870901,219.131610,347.409373,-0.936306,223.968301,334.683176,-0.847731,217.556873,0
4065.945506,335.559467,-0.892089,223.597013,345.160120,-0.953713,228.433330,332.433673,-0.869997,222.022398,0
4070.945497,333.310026,-0.902409,228.062416,342.911493,-0.964623,232.897116,330.183967,-0.881016,226.488327,0
4075.948109,331.060914,-0.916456,232.530908,340.664030,-0.974821,237.362333,327.934319,-0.896363,230.957886,0
4080.948101,328.814521,-0.927109,236.997845,338.418472,-0.987360,241.827610,325.687653,-0.906504,235.425364,0
4085.948116,326.568127,-0.945404,241.464782,336.172134,-0.998501,246.294435,323.441241,-0.927395,239.892337,0
4090.950528,324.320753,-0.958356,245.933928,333.926521,-1.017509,250.760077,321.193294,-0.939069,244.362624,0
4095.950531,322.077618,-0.972099,250.402507,331.685091,-1.025531,255.225262,318.949604,-0.952635,248.832307,0
4100.950533,319.834483,-0.984839,254.871085,329.441956,-1.035988,259.693840,316.706468,-0.962847,253.300886,0
4105.950526,317.591348,-0.993881,259.339664,327.199755,-1.046429,264.160557,314.463029,-0.973722,257.770070,0
4110.953048,315.348821,-1.012181,263.811349,324.958996,-1.065382,268.628717,312.219927,-0.992120,262.242904,0
4115.953057,313.108980,-1.035425,268.281546,322.719990,-1.079536,273.097248,309.979814,-1.016748,266.713643,0
4120.953075,310.869139,-1.060541,272.751743,320.480149,-1.094245,277.567445,307.739973,-1.040931,271.183840,0
4125.953057,308.629298,-1.076804,277.221940,318.242101,-1.125488,282.034062,305.499548,-1.056701,275.655203,0
4130.955675,306.391599,-1.087309,281.696176,316.006200,-1.148057,286.504706,303.261264,-1.062263,280.130608,0
4135.955669,304.155102,-1.107781,286.168043,313.769709,-1.179609,290.976560,301.024765,-1.080990,284.602480,0
4140.955669,301.918604,-1.129860,290.639910,311.534063,-1.203702,295.446723,298.564374,-1.095622,288.963115,0
4145.958415,299.682472,-1.155824,295.115008,316.680560,-1.265792,303.604120,296.327587,-1.122407,293.439526,24
4150.958397,297.449483,-1.177852,299.588609,307.067851,-1.270299,304.389598,294.094239,-1.143656,297.913845,16
4155.958417,295.216495,-1.207257,304.062209,304.834862,-1.288006,308.863199,291.861250,-1.173829,302.387445,0
4160.958414,292.983506,-1.232266,308.535809,302.379905,-1.310741,313.221712,289.627649,-1.198106,306.862273,0
4165.961189,290.752566,-1.263968,313.013494,300.150844,-1.335843,317.695627,287.396038,-1.231049,311.341304,0
4170.961175,288.523178,-1.291005,317.488867,297.921623,-1.369847,322.170663,285.166590,-1.258032,315.816796,0
4175.961147,286.293789,-1.315197,321.964239,295.693047,-1.400814,326.644405,282.936912,-1.277635,320.292751,0
4180.964347,284.064533,-1.346311,326.443241,293.465888,-1.437247,331.119192,280.706906,-1.307049,324.773259,0
4185.964347,281.839145,-1.369397,330.920641,291.241786,-1.454076,335.594006,278.481058,-1.332280,329.251582,0
4190.964362,279.613757,-1.395645,335.398041,289.016398,-1.480782,340.071406,276.255670,-1.361490,333.728982,0
4195.964362,277.388369,-1.418771,339.875441,286.569959,-1.496667,344.431853,274.029250,-1.387424,338.208461,0
4200.969183,275.166380,-1.440955,344.359915,284.351121,-1.528139,348.909975,271.806110,-1.406408,342.695259,0
4205.969188,272.947196,-1.467320,348.840382,282.132269,-1.555265,353.389769,269.586803,-1.430890,347.175972,0
4210.969181,270.728011,-1.491001,353.320849,279.913085,-1.581521,357.870236,267.143592,-1.450631,351.545479,0
4215.969198,268.508826,-1.519339,357.801316,277.694774,-1.601670,362.348936,264.924066,-1.482886,356.026635,0
4220.975382,266.288617,-1.542987,362.288185,275.254458,-1.631030,366.716921,262.702281,-1.506320,360.516691,0
4225.975597,264.077320,-1.572203,366.772765,273.046328,-1.664921,371.195083,260.489717,-1.529240,365.003838,0
4230.975652,261.866302,-1.616035,371.257186,270.835276,-1.704232,375.679573,258.278713,-1.576466,369.488231,0
4235.975284,259.655231,-1.657125,375.741134,268.624077,-1.729720,380.163780,256.067692,-1.620961,373.972076,0
4240.975281,257.443953,-1.693281,380.225431,266.190565,-1.766348,384.533479,253.855599,-1.658719,378.458026,0
4245.981141,255.234261,-1.733349,384.717011,263.984382,-1.815493,389.017927,251.420106,-1.693961,382.842253,0
4250.981154,253.030301,-1.771655,389.204909,261.781936,-1.852229,393.502745,249.215486,-1.730672,387.331493,0
4255.981131,250.826342,-1.804849,393.692807,259.577977,-1.887269,397.990643,247.011527,-1.762783,391.819391,0
4260.981094,248.622382,-1.835877,398.180705,257.149616,-1.921254,402.368340,244.807567,-1.792353,396.307289,0
4265.981085,246.418423,-1.871149,402.668603,254.952696,-1.958857,406.841873,242.600459,-1.825640,400.801613,0
4270.986040,244.227429,-1.912541,407.168315,252.769134,-1.998499,411.326353,240.181359,-1.867663,405.198718,0
4275.986030,242.039520,-1.952186,411.664022,250.581648,-2.035975,415.821189,237.993248,-1.911384,409.694838,0
4280.985976,239.851610,-1.985673,416.159729,248.168946,-2.071860,420.207497,235.805338,-1.936860,414.190545,0
4285.985923,237.663700,-2.019424,420.655436,245.982816,-2.108297,424.699545,233.391722,-1.965459,418.578732,0
4290.990364,235.477785,-2.053961,425.157104,243.802265,-2.136043,429.190160,231.203052,-1.998405,423.086076,0
4295.990288,233.301839,-2.087266,429.658592,241.629902,-2.172051,433.684242,229.025266,-2.037493,427.591366,0
4300.990190,231.125893,-2.116958,434.160080,239.228874,-2.199145,438.076929,226.624237,-2.064971,431.984053,0
4305.990083,228.949947,-2.145247,438.661568,237.052928,-2.230069,442.578417,224.448291,-2.086050,436.485541,0
4310.989995,226.774001,-2.176535,443.163056,234.883872,-2.260003,447.065620,222.043244,-2.122215,440.886561,0
4315.993621,224.612313,-2.203855,447.675554,232.506198,-2.284812,451.450347,219.875981,-2.151407,445.410678,0
4320.993222,222.458634,-2.234760,452.187396,230.355139,-2.318300,455.956707,217.720731,-2.176544,449.925810,0
4325.992844,220.304955,-2.268916,456.699239,228.201461,-2.347518,460.468549,215.341438,-2.207751,454.329958,0
4330.992439,218.151277,-2.298732,461.211081,225.822357,-2.375038,464.872300,213.187636,-2.238603,458.842057,0
4335.995518,215.996568,-2.330118,465.726283,223.669264,-2.399687,469.384115,210.806215,-2.266475,463.251868,0
4340.995129,213.846868,-2.359655,470.240043,221.295280,-2.426538,473.787386,208.655550,-2.297847,467.767652,0
4345.994732,211.697167,-2.387921,474.753802,219.145580,-2.457385,478.301146,206.280140,-2.324300,472.173916,0
4350.994333,209.547467,-2.415813,479.267561,216.770170,-2.485338,482.707410,204.130439,-2.353755,476.687675,0
4355.993939,207.397767,-2.444470,483.781321,214.619205,-2.509559,487.223824,201.981688,-2.386341,481.199443,0
4360.996319,205.243555,-2.473684,488.296000,212.236383,-2.529497,491.637087,199.604178,-2.410497,485.601575,0
4365.996144,203.085800,-2.498900,492.806178,210.076910,-2.560038,496.150858,197.447809,-2.436290,490.108856,0
4370.995969,200.928046,-2.524098,497.316356,207.693636,-2.580667,500.553143,195.064534,-2.462848,494.511141,0
4375.995786,198.770291,-2.547720,501.826535,205.535881,-2.599265,505.063321,192.906779,-2.482361,499.021319,0
4380.995604,196.612536,-2.571405,506.336713,203.153197,-2.625639,509.464372,190.748495,-2.500609,503.532605,0
4385.997590,194.455552,-2.596537,510.849655,200.996909,-2.650368,513.975859,188.365323,-2.530813,507.939052,0
4390.997434,192.299800,-2.623233,515.360804,198.841262,-2.670993,518.486787,186.209472,-2.554942,512.450407,0
4395.997264,190.144048,-2.646999,519.871953,196.459943,-2.689404,522.890143,183.828153,-2.578657,516.853764,0
4400.997093,187.988295,-2.670638,524.383102,194.303585,-2.717992,527.402560,181.673006,-2.601024,521.363645,0
4406.006498,185.826601,-2.693768,528.902028,191.911960,-2.740052,531.822800,179.290475,-2.620842,525.764902,0
4411.006479,183.657209,-2.714088,533.406818,189.738749,-2.761582,536.335533,177.125185,-2.644045,530.261160,0
4416.006474,181.487816,-2.737590,537.911607,187.569356,-2.784758,540.840323,174.955792,-2.668524,534.765950,0
4421.006497,179.318424,-2.766435,542.416397,185.174911,-2.806702,545.236249,172.560939,-2.693009,539.162722,0
4426.017966,177.144663,-2.792456,546.931805,183.001671,-2.834727,549.750575,170.386577,-2.728158,543.679379,0
4431.017857,174.977008,-2.826198,551.437251,180.834349,-2.866695,554.255329,167.993256,-2.760016,548.077236,0
4436.017775,172.809353,-2.863730,555.942697,178.441411,-2.900424,558.652387,165.825600,-2.797346,552.582682,0
4441.017784,170.641698,-2.911838,560.448143,176.273091,-2.946031,563.159214,163.658769,-2.836654,557.086416,0
4446.021634,168.470209,-2.969136,564.955900,173.875126,-2.998218,567.561063,161.263654,-2.898971,561.482349,0
4451.021498,166.298430,-3.026041,569.459096,171.702762,-3.053505,572.065471,159.092653,-2.963899,565.983929,0
4456.021243,164.126650,-3.071357,573.962292,169.530983,-3.113756,576.568667,156.920874,-3.003417,570.487125,0
4461.021075,161.954871,-3.125424,578.465488,167.132097,-3.161266,580.967254,154.526678,-3.058781,574.875997,0
4466.017687,159.777550,-3.178419,582.962442,164.951612,-3.206630,585.470746,152.353897,-3.116979,579.363570,0
4471.017424,157.594474,-3.238279,587.459994,162.767301,-3.268319,589.970843,150.172593,-3.166814,583.857471,0
4476.017072,155.411399,-3.290054,591.957545,160.584225,-3.316206,594.468394,147.989517,-3.218283,588.355023,0
4481.016765,153.228323,-3.346078,596.455097,158.180634,-3.376928,598.847714,145.574751,-3.277445,592.757416,0
4486.006114,151.066212,-3.397692,600.951342,156.024990,-3.425175,603.330529,143.402648,-3.341057,597.274417,0
4491.006065,148.907389,-3.449233,605.460924,153.868243,-3.485089,607.835779,141.240616,-3.400294,601.790694,0
4496.006079,146.748566,-3.506588,609.970507,151.483926,-3.543516,612.237414,138.856300,-3.424874,606.192329,0
4501.006056,144.589743,-3.560602,614.480089,149.319139,-3.591094,616.759414,136.707418,-3.474688,610.681216,0
4505.988825,142.414799,-3.623105,618.962690,147.136750,-3.663264,621.257396,134.320025,-3.538448,615.028908,0
4510.988873,140.226731,-3.686157,623.458116,144.722472,-3.720727,625.646337,132.134397,-3.604809,619.519319,0
4515.988824,138.038664,-3.740987,627.953543,142.534405,-3.776385,630.141764,129.946329,-3.655804,624.014746,0
4520.988760,135.850596,-3.794545,632.448970,140.337432,-3.826384,634.655392,127.549949,-3.707832,628.367087,0
4525.964225,133.636982,-3.852109,636.904511,138.113606,-3.879299,639.131580,125.355228,-3.776497,632.784433,0
4530.964236,131.407659,-3.905940,641.379702,135.659328,-3.931198,643.497676,122.904323,-3.831617,637.143752,0
4535.964060,129.178336,-3.938017,645.854892,133.430005,-3.971160,647.972867,120.675000,-3.861209,641.618942,0
4540.963879,126.949013,-3.969314,650.330083,131.190023,-4.003654,652.469321,118.243784,-3.891709,645.939014,0
4545.932304,124.689112,-3.996111,654.754715,128.918886,-4.033924,656.916081,116.006942,-3.919529,650.318226,0
4550.932072,122.413310,-4.023955,659.206415,126.642686,-4.065781,661.368560,113.731958,-3.940417,654.768326,0
4555.931794,120.137508,-4.041710,663.658115,124.143589,-4.088748,665.707825,111.235105,-3.934298,659.103203,0
4560.893488,117.875995,-4.054728,668.074425,121.873508,-4.101130,670.140797,108.992634,-3.935217,663.482488,0
4565.893380,115.563254,-4.062651,672.507267,119.552903,-4.104917,674.588782,106.697368,-3.956527,667.881679,0
4570.893272,113.250513,-4.070571,676.940108,117.018514,-4.112585,678.905983,104.162980,-3.966195,672.198880,0
4575.893158,110.937772,-4.069326,681.372950,114.704169,-4.113116,683.341896,101.854107,-3.955385,676.624315,0
4580.860358,108.632952,-4.060898,685.773042,112.391872,-4.110285,687.756226,99.346208,-3.943261,680.873411,0
4585.860306,106.286817,-4.048847,690.188354,109.809461,-4.091687,692.083341,97.039874,-3.929979,685.214015,0
4590.835107,103.907532,-4.031089,694.557260,107.415799,-4.076846,696.478734,94.698331,-3.910711,689.513391,0
4595.809391,101.507663,-4.000806,698.914233,105.007446,-4.045987,700.851117,92.320733,-3.887308,693.829911,0
4600.783382,99.090453,-3.975781,703.261307,102.362843,-4.018165,705.092689,89.709600,-3.862314,698.011344,0
4605.783102,96.636914,-3.943617,707.617489,99.900318,-3.982493,709.464838,87.281824,-3.828624,702.321756,0
4610.756388,94.177597,-3.912814,711.940032,97.434105,-3.951963,713.799508,84.842272,-3.801278,706.609534,0
4615.730049,91.704752,-3.872821,716.255207,94.954461,-3.906776,718.126542,82.388920,-3.772292,710.890716,0
4620.704251,89.213550,-3.835391,720.560461,92.454177,-3.871611,722.447479,79.923753,-3.726669,715.151009,0
4625.678759,86.698761,-3.779554,724.852132,89.712645,-3.813201,726.631599,77.441832,-3.668733,719.386625,0
4630.678623,84.142746,-3.721576,729.148883,87.145650,-3.761192,730.946817,74.919540,-3.602101,723.626657,0
4635.654546,81.574678,-3.653456,733.410360,84.568050,-3.698172,735.224120,72.380749,-3.532971,727.839529,0
4640.631445,78.985527,-3.584806,737.660198,81.970414,-3.623395,739.487888,69.817661,-3.460416,732.046579,0
4645.610837,76.376070,-3.511960,741.900453,79.352745,-3.552276,743.741487,67.233425,-3.385670,736.245850,0
4650.610769,73.737024,-3.422226,746.146241,76.704736,-3.458209,748.001690,64.621912,-3.316400,740.447362,0
4655.590628,71.086498,-3.320399,750.360898,74.046373,-3.346576,752.228821,61.995451,-3.239491,744.623706,0
4660.573900,68.420835,-3.224369,754.570175,71.375095,-3.247711,756.446967,59.347038,-3.159094,748.805741,0
4665.558385,65.742621,-3.119123,758.772696,68.690844,-3.132325,760.658957,56.687365,-3.083522,752.979179,0
4670.558284,63.040992,-3.027691,762.978862,65.983285,-3.035800,764.874359,54.003948,-3.007569,757.156976,0
4675.545864,60.334593,-2.937574,767.167327,63.272634,-2.938516,769.069410,51.310611,-2.931412,761.325217,0
4680.534265,57.620300,-2.859460,771.351901,60.554514,-2.857176,773.259882,48.608073,-2.853307,765.491675,0
4685.534305,54.890431,-2.756951,775.539705,57.820693,-2.744431,777.453749,45.890341,-2.777236,769.660855,0
4690.525554,52.157461,-2.659803,779.715110,55.085063,-2.641720,781.633219,43.165538,-2.701766,773.823774,0
4695.519144,49.419469,-2.562241,783.890014,52.344700,-2.538163,785.811737,40.434828,-2.621432,777.987579,0
4700.519062,46.671461,-2.462332,788.065855,49.592299,-2.432882,789.994249,37.700316,-2.545165,782.142928,0
4705.497782,43.922606,-2.366366,792.215823,46.822903,-2.330629,794.174975,35.014550,-2.462805,786.198427,0
4710.420424,41.130343,-2.272855,796.268838,43.991124,-2.232277,798.285252,32.343656,-2.381418,790.075564,0
4715.338468,38.254480,-2.186369,800.257458,41.269620,-2.143961,802.487128,29.812087,-2.297811,794.014381,0
4720.250013,35.287128,-2.107781,804.170503,38.442532,-2.056696,806.628842,27.201407,-2.217372,797.871010,0
4725.155167,32.222615,-2.025181,807.999665,35.695538,-1.967281,810.861274,24.505010,-2.133203,801.640532,0
4730.057452,29.052003,-1.939311,811.737611,32.815059,-1.870455,815.029937,21.902196,-2.048338,805.482192,0
4734.943489,25.779069,-1.855905,815.364497,29.799649,-1.769033,819.117487,19.382691,-1.961047,809.393831,0
4739.791459,22.411775,-1.775852,818.851291,42.741192,-1.777440,839.180514,16.754894,-1.872329,813.194464,24
4744.681154,18.895355,-1.709490,822.248276,36.792898,-1.632867,841.450892,13.952224,-1.794841,816.944696,8
4749.568805,15.261288,-1.632501,825.515807,32.784536,-1.478740,845.727148,11.003303,-1.713393,820.604640,8
4754.404573,11.550931,-1.546815,828.615897,23.136421,-1.339480,843.039018,7.793475,-1.615620,823.938128,24
4759.287491,7.687108,-1.447253,831.599829,19.026570,-1.223652,846.845045,4.553835,-1.514579,827.387336,8
4764.178812,3.710948,-1.363498,834.447313,14.787958,-1.129786,850.495672,1.012702,-1.425045,830.538097,8
4769.046879,-0.342387,-1.278654,837.142003,10.439209,-1.040303,853.987097,-2.633476,-1.328807,833.562420,8
4773.925969,-4.496095,-1.189437,839.700179,5.857096,-0.952522,857.103452,-8.074976,-1.165502,833.684232,8
4778.834725,-8.751682,-1.088192,842.144685,1.085292,-0.864148,859.844866,-10.451900,-1.126441,839.085394,8
4783.750566,-13.080994,-0.990787,844.471284,-3.861368,-0.788220,862.500732,-14.674510,-1.024836,841.355083,8
4788.495124,-17.349447,-0.911646,846.541279,-8.851757,-0.698271,865.471461,-18.782792,-0.951945,843.348237,8
4793.314492,-21.801181,-0.832147,848.385745,-14.483789,-0.594521,867.535308,-23.050492,-0.874796,845.116307,8
4798.134693,-26.349263,-0.749815,849.980271,-20.093315,-0.499130,869.502389,-27.417351,-0.790763,846.647226,8
4802.958418,-30.980304,-0.663439,851.327234,-25.842679,-0.412559,870.914662,-31.868289,-0.702007,847.941753,8
4807.778926,-35.673158,-0.577100,852.425854,-31.580332,-0.324858,872.257931,-36.380560,-0.617522,848.998088,8
4812.600518,-40.418650,-0.494027,853.275064,-37.415362,-0.249736,873.048285,-40.944225,-0.533332,849.814750,8
4817.419749,-45.200118,-0.422083,853.872872,-43.248930,-0.189705,873.777466,-45.541576,-0.461239,850.389568,8
4822.234463,-50.002124,-0.347964,854.214503,-49.119552,-0.120309,874.195020,-50.156574,-0.385917,850.717913,8
4827.043653,-54.810240,-0.289067,854.297367,-55.013551,-0.051885,874.296333,-54.774660,-0.328523,850.797547,8
4831.849638,-59.612490,-0.231755,854.116803,-60.922991,0.006479,874.073822,-59.383152,-0.273009,850.624325,8
4836.648557,-64.390260,-0.194846,853.668283,-66.827463,0.037508,873.519229,-63.963750,-0.231446,850.194368,8
4841.441365,-69.128628,-0.167926,852.948458,-72.663182,0.053632,872.379604,-68.502252,-0.205963,849.504964,8
4846.224219,-73.807190,-0.146645,851.955330,-78.482213,0.060439,871.144042,-72.978705,-0.182396,848.554799,8
4851.004932,-78.416167,-0.122439,850.685698,-84.234693,0.052849,869.559152,-77.311383,-0.155219,847.102131,8
4855.776035,-82.930756,-0.094199,849.142612,-89.888558,0.075987,867.626429,-81.609654,-0.133919,845.633027,8
4860.542299,-87.337804,-0.087927,847.327355,-95.419824,0.102589,865.347995,-85.803243,-0.130799,843.905715,8
4865.301933,-91.618385,-0.080977,845.246325,-100.824508,0.128384,862.719442,-89.870387,-0.117712,841.928644,8
4870.180737,-95.860699,-0.076342,842.836868,-106.034771,0.149998,859.764678,-94.057698,-0.104924,839.837003,8
4875.021721,-99.946704,-0.079629,840.240779,-110.659695,0.163352,856.534392,-98.023860,-0.109074,837.316285,8
4879.869180,-103.955070,-0.092261,837.514848,-115.318617,0.188689,853.668247,-101.941277,-0.127429,834.652220,8
4884.793232,-107.937715,-0.115518,834.619286,-119.569423,0.192610,850.270272,-105.700849,-0.159676,831.609481,8
4889.701725,-111.846274,-0.143108,831.650159,-123.845795,0.194417,847.020959,-109.384834,-0.193855,828.497174,8
4894.638678,-115.697570,-0.167484,828.561401,-127.818233,0.193471,843.193200,-112.826887,-0.220447,825.095975,8
4899.502576,-119.392782,-0.196743,825.398797,-131.679701,0.185186,839.229256,-115.905953,-0.260567,821.473936,8
4904.312864,-122.928490,-0.235125,822.137484,-135.410023,0.161604,835.107115,-118.767979,-0.297608,817.814273,8
4909.158929,-126.348730,-0.277671,818.704628,-138.850029,0.117540,830.590756,-121.275739,-0.355022,813.881272,8
4913.993313,-129.596703,-0.324084,815.124155,-134.706504,-0.242170,819.534646,-123.729894,-0.418267,810.060258,16
4918.826587,-132.663387,-0.375934,811.388744,-137.395715,-0.293329,815.077250,-125.959257,-0.494548,806.163361,0
4923.658814,-135.536289,-0.433702,807.503707,-139.835373,-0.354262,810.517074,-127.961713,-0.557788,802.194442,0
4928.499945,-138.213430,-0.496747,803.470657,-142.021776,-0.426776,805.867843,-129.962014,-0.635004,798.276754,0
4933.298236,-140.669254,-0.569531,799.349100,-144.362846,-0.506420,801.451452,-131.761181,-0.701114,794.278722,0
4938.194333,-143.007393,-0.654722,795.048215,-146.547305,-0.602523,796.910746,-133.936369,-0.767067,790.275478,0
4943.125783,-145.244154,-0.742528,790.654084,-148.823026,-0.700927,792.440610,-135.849615,-0.859505,785.964453,0
4948.089819,-147.426068,-0.845463,786.196471,-150.798258,-0.803903,787.836847,-137.983935,-0.954396,781.603420,0
4953.086452,-149.600281,-0.954790,781.699007,-153.191072,-0.912947,783.461454,-140.174454,-1.053076,777.072584,0
4958.165540,-151.864321,-1.074572,777.154020,-155.211844,-1.037126,778.844164,-142.491255,-1.171288,772.421618,0
4963.165277,-154.141448,-1.199669,772.704704,-157.479656,-1.161683,774.413175,-144.794467,-1.298446,767.920987,0
4968.165361,-156.418576,-1.337939,768.255388,-159.933414,-1.297628,770.164817,-147.411804,-1.432420,763.362479,0
4973.341842,-158.996044,-1.479644,763.768459,-162.244807,-1.444207,765.641436,-149.899509,-1.574977,758.524125,0
4978.341786,-161.499287,-1.623546,759.442664,-164.732458,-1.590492,761.342429,-152.446409,-1.706371,754.123322,0
4983.430005,-164.104527,-1.769488,755.074437,-167.311225,-1.735480,757.018554,-155.125774,-1.861186,749.630909,0
4988.430040,-166.726920,-1.922165,750.820017,-169.706383,-1.887758,752.656535,-157.575712,-2.010676,745.179281,0
4993.430068,-169.349313,-2.074623,746.565596,-172.312402,-2.043030,748.428417,-160.248395,-2.172921,740.844075,0
4998.491977,-172.079297,-2.242866,742.306277,-175.025818,-2.208579,744.195195,-163.029269,-2.354316,736.504597,0
5003.491932,-174.776329,-2.424070,738.100004,-177.923233,-2.378885,740.139488,-165.755205,-2.539053,732.253482,0
5008.557328,-177.549509,-2.622014,733.865794,-180.677387,-2.578514,735.934341,-168.582927,-2.740507,727.935963,0
5013.557203,-180.324065,-2.821699,729.711193,-183.441559,-2.781330,731.795357,-171.387251,-2.934804,723.736592,0
5018.624450,-183.140061,-3.026590,725.503442,-186.237460,-2.985355,727.617353,-174.467345,-3.127805,719.584490,0
5023.624349,-185.994083,-3.231009,721.403226,-189.071880,-3.190882,723.545576,-177.376252,-3.323207,715.404644,0
5028.624350,-188.848105,-3.437894,717.303010,-191.913915,-3.396409,719.462480,-180.263837,-3.519358,711.256495,0
5033.694084,-191.787866,-3.643675,713.177763,-195.035262,-3.600117,715.513233,-183.263452,-3.732547,707.047155,0
5038.694197,-194.723226,-3.821147,709.133842,-197.958820,-3.772316,711.485635,-186.229790,-3.924324,702.960386,0
5043.763381,-197.704663,-3.985876,705.037439,-200.916835,-3.931310,707.421123,-189.272710,-4.105954,698.780269,0
5048.763464,-200.720345,-4.145151,701.052325,-203.910001,-4.090911,703.466055,-192.347497,-4.254520,694.716284,0
5053.763274,-203.736026,-4.295587,697.067212,-206.911865,-4.246735,699.499094,-195.597940,-4.395870,690.835515,0
5058.837778,-206.842561,-4.436761,693.057211,-210.189293,-4.390072,695.676731,-195.030565,-4.485444,683.811848,0
5063.837894,-209.943411,-4.557212,689.136576,-213.276841,-4.511777,691.773003,-199.158785,-4.603565,680.606961,0
5068.837562,-213.044261,-4.657354,685.215941,-216.561708,-4.612090,688.022642,-203.859818,-4.728940,677.887332,0
5073.883317,-216.207649,-4.749289,681.286035,-219.705965,-4.702770,684.116545,-208.433614,-4.826589,674.996013,0
5078.899645,-219.372370,-4.830811,677.394833,-223.051188,-4.787550,680.399629,-211.240245,-4.889271,670.752654,0
5083.899616,-222.543079,-4.903339,673.529468,-226.401788,-4.862503,676.709148,-214.053919,-4.942204,666.534173,0
5088.917572,-225.742639,-4.950385,669.664175,-229.974506,-4.915247,673.177193,-216.701830,-4.993534,662.159091,0
5093.929630,-228.949355,-4.979483,665.812311,-233.360800,-4.942851,669.500352,-219.551058,-5.047643,657.955180,0
5098.948657,-232.176465,-5.000461,661.968362,-236.952841,-4.953703,665.999333,-222.432658,-5.060677,653.745180,0
5103.948613,-235.411101,-5.004312,658.155663,-240.547288,-4.956530,662.535398,-229.323769,-5.062420,652.964865,0
5108.968402,-238.677741,-4.991288,654.344210,-244.170522,-4.933186,659.076213,-232.806148,-5.051928,649.285861,0
5113.968008,-241.950582,-4.964191,650.564812,-247.794132,-4.885869,655.655531,-236.295533,-5.039563,645.638310,0
5118.985984,-245.257820,-4.933432,646.791047,-251.453291,-4.836919,652.238858,-239.813315,-5.012100,642.003578,0
5123.985110,-248.565104,-4.893568,643.042508,-255.107649,-4.793617,648.852639,-243.331069,-4.983503,638.394404,0
5129.001795,-251.908213,-4.851873,639.302319,-258.799356,-4.758283,645.472784,-246.879541,-4.929505,634.799547,0
5134.000248,-255.245818,-4.827214,635.581523,-262.481148,-4.725432,642.117003,-250.422264,-4.890764,631.224536,0
5139.014990,-258.620000,-4.804952,631.871801,-266.198964,-4.700528,638.772657,-253.998681,-4.871524,627.663962,0
5144.029094,-261.997689,-4.775783,628.166184,-269.921599,-4.674060,635.430766,-257.575042,-4.840223,624.111534,0
5149.026288,-265.385258,-4.750924,624.492534,-273.466776,-4.652950,631.955045,-261.160829,-4.813361,620.591676,0
5154.038297,-268.787969,-4.733108,620.812659,-277.032425,-4.644569,628.467163,-264.757346,-4.786762,617.070457,0
5159.034914,-272.195094,-4.728419,617.157846,-280.416423,-4.632766,624.837185,-268.175778,-4.788691,613.403502,0
5164.046328,-275.619524,-4.724498,613.498948,-283.823024,-4.617017,621.197331,-271.791224,-4.784974,609.906370,0
5169.042565,-279.043318,-4.737331,609.860286,-287.227854,-4.631911,617.578827,-275.223868,-4.795574,606.258301,0
5174.051795,-282.484140,-4.762768,606.219891,-290.472870,-4.655877,613.781650,-278.671337,-4.818150,602.610870,0
5179.047761,-285.921143,-4.782359,602.594108,-293.722864,-4.670604,609.989758,-282.111000,-4.842932,598.982279,0
5184.050926,-289.363123,-4.813749,598.963206,-297.164596,-4.709362,606.359118,-285.553101,-4.864286,595.351248,0
5189.047248,-292.800449,-4.866452,595.337569,-300.420068,-4.750437,602.561931,-288.990640,-4.924582,591.725388,0
5194.043717,-296.238137,-4.917456,591.712048,-303.678233,-4.794865,598.762402,-292.427357,-4.978602,588.100891,0
5199.033889,-299.669326,-4.964010,588.088983,-306.933734,-4.830691,594.961274,-295.673901,-5.028521,584.309224,0
5204.030453,-303.100947,-5.019980,584.457662,-310.740186,-4.872428,591.661273,-299.099440,-5.089109,580.684342,0
5209.017978,-306.518489,-5.084165,580.825626,-314.898369,-4.923046,588.701387,-302.510721,-5.150029,577.058957,0
5214.001257,-309.928841,-5.151974,577.192723,-319.243164,-4.989751,585.899381,-305.910897,-5.217189,573.436911,0
5218.998754,-313.333388,-5.227939,573.535093,-323.776349,-5.057879,583.230817,-309.302772,-5.292623,569.792883,0
5223.976699,-316.715345,-5.304937,569.883193,-328.473851,-5.123385,580.733886,-312.489632,-5.362358,565.983725,0
5228.974840,-320.098169,-5.368009,566.204343,-333.750517,-5.160465,578.688870,-315.854872,-5.427359,562.324018,8
5233.950397,-323.445402,-5.433577,562.523596,-339.183724,-5.169014,576.801822,-319.186798,-5.493286,558.660076,8
5238.923264,-326.782052,-5.503747,558.836964,-345.007760,-5.161089,575.209916,-322.318613,-5.573701,554.827262,8
5243.922744,-330.109089,-5.570065,555.105849,-336.272299,-5.471299,560.590130,-325.626754,-5.643086,551.117281,16
5248.916093,-333.424295,-5.637927,551.372441,-339.602803,-5.535403,556.839483,-328.930836,-5.701290,547.396411,0
5253.915816,-336.730735,-5.687758,547.622481,-342.877477,-5.606643,553.125213,-332.260377,-5.743097,543.620494,0
5259.177525,-340.268095,-5.744362,543.727681,-345.959133,-5.663588,549.350143,-335.821971,-5.807316,539.335132,0
5264.990249,-344.507270,-5.807029,539.751096,-349.354179,-5.718931,545.474511,-339.983489,-5.881264,534.409243,0
5271.007971,-349.284481,-5.861577,536.092099,-352.918704,-5.772789,541.780238,-344.842654,-5.949531,529.139929,0
5276.981478,-354.575099,-5.868645,533.318636,-356.304144,-5.801943,538.010161,-350.338939,-5.946191,521.824401,0
5283.014704,-360.456710,-5.860371,531.974613,-360.750238,-5.797277,535.963828,-359.007416,-5.883119,512.277860,24
5289.031823,-366.455407,-5.836241,532.444479,-365.732002,-5.786808,535.868903,-368.677293,-5.991050,521.926602,16
5294.566799,-371.655421,-5.796402,534.340324,-369.970696,-5.740384,537.968230,-376.183120,-5.931298,524.590327,0
5299.950876,-376.321414,-5.735866,537.026051,-373.777378,-5.672629,541.037332,-381.677279,-5.859060,528.581247,0
5305.195426,-380.621809,-5.656658,540.026989,-377.374711,-5.586807,544.466173,-386.082836,-5.777075,532.561088,0
5310.286339,-384.660344,-5.580288,543.125666,-380.813940,-5.506170,548.051889,-389.737598,-5.684046,536.623052,0
5315.310600,-388.593229,-5.494574,546.251089,-384.253614,-5.421123,551.743606,-393.242817,-5.588626,540.366249,0
5320.259401,-392.484661,-5.424089,549.307627,-387.771200,-5.339753,555.459519,-396.589933,-5.509510,543.949526,0
5325.153720,-396.405398,-5.367821,552.236621,-391.457882,-5.267140,559.148357,-399.752247,-5.445289,547.561036,0
5329.994258,-400.398450,-5.326407,554.972427,-387.259523,-4.954993,575.354554,-403.107507,-5.378548,550.769926,24
5334.778242,-404.491304,-5.288249,557.449037,-393.649254,-4.941692,576.878717,-406.440436,-5.327060,553.956061,8
5339.511587,-408.704002,-5.261560,559.607048,-400.147189,-4.926156,578.235815,-410.164921,-5.299010,556.426527,8
5344.140800,-412.991192,-5.249012,561.353319,-407.104156,-4.907977,579.681038,-413.985107,-5.293455,558.259028,8
5348.424151,-417.163063,-5.246070,562.324178,-414.474511,-4.917685,580.627776,-417.635377,-5.298694,559.108681,8
5352.893061,-421.622073,-5.261719,562.621079,-421.649893,-4.996129,580.621058,-421.617050,-5.310615,559.371083,8
5357.491281,-426.209716,-5.284477,562.310196,-428.453962,-5.045359,580.421680,-425.810055,-5.327776,559.084863,8
5362.153529,-430.798114,-5.309581,561.484049,-434.916354,-5.091024,579.519850,-429.963336,-5.360345,557.828144,8
5366.865802,-435.339117,-5.343505,560.225616,-441.055846,-5.131989,578.082870,-433.967102,-5.405415,555.939875,8
5371.612699,-439.799643,-5.385343,558.602347,-446.920448,-5.189265,576.217515,-437.644662,-5.460739,553.271441,8
5376.385116,-444.158769,-5.436065,556.660335,-452.668981,-5.241222,574.205314,-441.103821,-5.518905,550.362138,8
5381.106684,-448.336749,-5.485293,554.461414,-458.102011,-5.312050,571.628305,-444.257589,-5.560302,547.290434,8
5385.900455,-452.424713,-5.542552,551.958312,-463.166069,-5.386670,568.233240,-447.329455,-5.602646,544.238154,8
5390.604994,-456.258984,-5.593115,549.232786,-468.069840,-5.461713,564.433647,-450.123474,-5.635058,541.336235,8
5395.358125,-459.885890,-5.642543,546.161082,-462.735917,-5.629950,549.313834,-453.012296,-5.673218,538.557385,16
5400.184772,-463.361513,-5.685002,542.812237,-466.197294,-5.673028,545.633292,-455.917589,-5.712965,535.406969,0
5405.035367,-466.709132,-5.723965,539.302223,-469.467500,-5.717187,541.842677,-458.985702,-5.738773,532.188952,0
5409.936140,-469.966399,-5.766081,535.640800,-472.807105,-5.763963,538.088838,-462.012422,-5.783125,528.786294,0
5414.822317,-473.097090,-5.813112,531.889629,-476.008154,-5.808407,534.253567,-464.946111,-5.820571,525.270600,0
5419.744394,-476.148538,-5.857811,528.027827,-479.119939,-5.854129,530.315463,-467.828616,-5.851174,521.622448,0
5424.632315,-479.080867,-5.892112,524.117323,-482.108366,-5.891478,526.330184,-470.603872,-5.899108,517.921313,0
5429.560703,-481.940532,-5.926884,520.103583,-484.814032,-5.925457,522.101832,-473.320034,-5.927087,514.108834,0
5434.485146,-484.705653,-5.952671,516.028834,-487.623698,-5.950377,517.961452,-475.951518,-5.958136,510.230980,0
5439.413657,-487.380710,-5.966498,511.889499,-490.341340,-5.966063,513.756226,-478.498821,-5.971379,506.289316,0
5444.339539,-489.961160,-5.972199,507.693600,-492.962830,-5.970639,509.493593,-480.956150,-5.975873,502.293620,0
5449.264593,-492.446562,-5.983266,503.441681,-495.488239,-5.983719,505.173213,-483.321531,-5.991934,498.247086,0
5454.169328,-494.823843,-6.000845,499.151618,-497.905155,-5.998625,500.811594,-485.579909,-6.008663,494.171691,0
5459.065941,-497.094759,-6.026168,494.813517,-500.215198,-6.024056,496.398717,-487.510553,-6.032573,489.944687,0
5463.981159,-499.267346,-6.061133,490.404660,-502.426385,-6.063680,491.911469,-489.564585,-6.066829,485.776603,0
5468.892942,-501.324951,-6.108555,485.944882,-504.752277,-6.116783,487.466703,-491.499951,-6.116127,481.582329,0
5473.775241,-503.241348,-6.161011,481.454724,-524.793513,-6.287741,490.176347,-493.276369,-6.148805,477.422146,24
5478.645033,-504.982289,-6.221865,476.907165,-526.627030,-6.348566,484.685674,-494.865726,-6.200737,473.271558,8
5483.509653,-506.532477,-6.294094,472.296718,-528.248660,-6.417630,479.076829,-496.509624,-6.250188,469.167436,8
5488.305386,-507.860332,-6.364053,467.689010,-528.658848,-6.498470,473.136187,-497.944761,-6.305077,465.092101,8
5493.165885,-508.977973,-6.434421,462.959277,-529.035164,-6.574157,467.197092,-499.193977,-6.368159,460.892050,8
5497.955939,-509.854544,-6.501300,458.250587,-529.360752,-6.655780,461.344185,-500.471811,-6.419668,456.762527,8
5502.817675,-510.489144,-6.561465,453.430821,-529.882034,-6.725097,455.471848,-501.538579,-6.477618,452.488808,8
5507.616117,-510.865226,-6.625053,448.647563,-529.090372,-6.777434,449.599685,-502.626461,-6.535867,448.217151,8
5512.422290,-510.990016,-6.679930,443.843323,-527.740016,-6.830148,443.840426,-503.740016,-6.600360,443.844577,0
5517.240706,-510.863562,-6.725645,439.026784,-526.592964,-6.882325,438.221553,-504.621735,-6.651933,439.346320,0
5522.075552,-510.496657,-6.764156,434.206034,-525.423228,-6.937965,432.723650,-505.521133,-6.701224,434.700162,0
5526.929791,-509.906317,-6.804692,429.387995,-524.259956,-6.988324,427.332988,-505.946692,-6.746958,429.954894,0
5531.809231,-509.117482,-6.842548,424.572890,-523.136893,-7.043135,422.019731,-505.674118,-6.781077,425.199981,0
5536.635903,-508.167615,-6.882094,419.840771,-521.311791,-7.080181,416.761708,-504.759865,-6.825939,420.639046,0
5541.393469,-506.932734,-6.922654,415.246441,-519.379392,-7.101883,411.494018,-502.863634,-6.864059,416.473195,0
5546.220125,-505.402486,-6.959634,410.668933,-516.452626,-7.115284,406.674324,-500.230080,-6.897744,412.538750,0
5551.073381,-503.642933,-6.991677,406.145987,-513.349661,-7.118422,402.142308,-497.402894,-6.929660,408.719780,0
5555.947367,-501.694316,-7.031123,401.678653,-510.334220,-7.120598,397.728708,-491.690218,-7.014219,406.252274,0
5560.799971,-499.599527,-7.069566,397.301652,-507.208066,-7.121371,393.512175,-489.305621,-7.040069,402.428591,0
5565.701698,-497.346264,-7.095782,392.948601,-513.209755,-7.207166,384.442740,-486.770603,-7.066320,398.619174,24
5570.610268,-494.964218,-7.104916,388.656768,-520.985848,-7.298322,373.727776,-484.121873,-7.091250,394.877181,26
5575.520413,-492.460685,-7.134152,384.432908,-495.871032,-7.142942,382.342564,-481.377060,-7.116557,391.226526,16
5580.398438,-489.849684,-7.150470,380.312528,-492.983487,-7.154708,378.252971,-478.776911,-7.142655,387.589630,0
5585.265582,-487.109262,-7.167680,376.290230,-489.969521,-7.164146,374.273074,-476.281137,-7.168515,383.926604,0
5590.216357,-484.192078,-7.182624,372.290231,-487.016656,-7.174387,370.223407,-473.499034,-7.195305,380.114635,0
5595.216361,-481.233141,-7.189615,368.259762,-484.058340,-7.174661,366.193789,-470.537742,-7.223642,376.080948,0
5600.230168,-478.281165,-7.201288,364.207113,-481.111744,-7.184728,362.148515,-467.767588,-7.246374,371.853334,0
5605.241919,-475.336418,-7.213831,360.151751,-478.373055,-7.193170,357.951447,-465.011854,-7.259961,367.632786,0
5610.241918,-472.406810,-7.222930,356.099924,-475.448404,-7.201857,353.906478,-462.268163,-7.273589,363.411410,0
5615.251566,-469.481596,-7.223667,352.033022,-472.324021,-7.201821,349.990811,-459.533111,-7.284711,359.180759,0
5620.257322,-466.562936,-7.220908,347.966204,-469.407419,-7.197276,345.926862,-458.029487,-7.284708,354.084230,0
5625.257321,-463.651566,-7.205169,343.901272,-466.497810,-7.178469,341.864388,-455.112836,-7.278577,350.011925,0
5630.260108,-460.741687,-7.183678,339.831872,-463.588527,-7.157845,337.795821,-452.201169,-7.253343,345.940026,0
5635.258926,-457.833393,-7.163957,335.766209,-460.679878,-7.140754,333.729662,-449.293938,-7.228622,341.875849,0
5640.258961,-454.923734,-7.131251,331.700109,-457.768708,-7.109458,329.661452,-446.388812,-7.200100,337.816081,0
5645.254308,-452.011422,-7.117698,327.641569,-454.854246,-7.095591,325.599915,-443.482950,-7.182300,333.766532,0
5650.247292,-449.097262,-7.105667,323.587260,-451.938007,-7.084074,321.542714,-440.575027,-7.169047,329.720897,0
5655.247291,-446.173986,-7.089813,319.530884,-449.012597,-7.067900,317.483376,-437.658153,-7.154566,325.673406,0
5660.242863,-443.249864,-7.072822,315.480580,-446.087175,-7.049552,313.431271,-434.737931,-7.138887,321.628507,0
5665.242855,-440.321447,-7.056641,311.427922,-443.158220,-7.033900,309.377868,-431.811129,-7.121523,317.578083,0
5670.241715,-437.393294,-7.030962,307.376520,-440.229741,-7.007947,305.326016,-428.883953,-7.098353,313.528034,0
5675.241704,-434.463640,-6.997834,303.324863,-437.299869,-6.974531,301.274056,-425.954955,-7.067575,309.477283,0
5680.241731,-431.533987,-6.959547,299.273205,-434.369963,-6.937789,297.222049,-423.026058,-7.032950,305.426672,0
5685.240657,-428.603937,-6.932778,295.223099,-431.439658,-6.909884,293.171591,-420.096773,-7.007026,301.377623,0
5690.240638,-425.673247,-6.910735,291.172127,-428.508839,-6.887243,289.120442,-417.166468,-6.986770,297.327184,0
5695.240133,-422.742362,-6.882217,287.121935,-425.577761,-6.858298,285.069982,-414.236164,-6.952137,293.277794,0
5700.240140,-419.810938,-6.846623,283.071558,-422.646258,-6.822072,281.019497,-411.304976,-6.915243,289.227743,0
5705.240196,-416.879471,-6.804430,279.021215,-419.714756,-6.782283,276.969104,-408.373615,-6.873623,285.177547,0
5710.240173,-413.947909,-6.772366,274.970945,-416.783170,-6.751225,272.918800,-405.442127,-6.828363,281.127378,0
5715.240226,-411.016348,-6.730058,270.920674,-413.851644,-6.713014,268.868578,-402.510463,-6.780866,277.076964,0
5720.240288,-408.084967,-6.678889,266.870365,-410.920298,-6.665858,264.818317,-399.578975,-6.720764,273.026507,0
5725.240294,-405.153590,-6.633360,262.820054,-410.824377,-6.619398,258.716131,-396.849939,-6.671510,268.829369,0
5730.240470,-402.222366,-6.586231,258.769442,-407.893346,-6.580736,254.665787,-393.918431,-6.633472,264.778366,0
5735.240440,-399.291390,-6.541020,254.718881,-404.962540,-6.543375,250.615461,-390.987206,-6.593465,260.727460,0
5740.241299,-396.360077,-6.498420,250.667439,-399.195820,-6.481582,248.615961,-388.055401,-6.551435,256.675339,0
5745.241278,-393.429745,-6.455963,246.616373,-396.265606,-6.439557,244.565058,-385.124724,-6.500470,252.623794,0
5750.241294,-390.499414,-6.409309,242.565306,-393.335528,-6.391177,240.514342,-382.193650,-6.453231,248.571702,0
5755.241920,-387.569780,-6.353758,238.513095,-390.406159,-6.332529,236.462496,-379.263241,-6.403091,244.518419,0
5760.241912,-384.640580,-6.295412,234.461391,-387.477196,-6.273972,232.411120,-376.333347,-6.347111,240.465755,0
5765.243285,-381.711457,-6.238009,230.407914,-384.548437,-6.213921,228.358148,-373.403157,-6.293297,236.410802,0
5770.243316,-378.783669,-6.180469,226.355130,-381.620823,-6.157372,224.305604,-370.474860,-6.235671,232.357312,0
5775.243739,-375.855751,-6.129061,222.301873,-378.693091,-6.108575,220.252605,-367.546397,-6.177870,228.303302,0
5780.243697,-372.928724,-6.074409,218.248591,-375.766215,-6.056582,216.199532,-364.618928,-6.119039,224.249408,0
5785.243743,-370.001696,-6.012153,214.195309,-372.839328,-5.993830,212.146445,-361.691487,-6.055988,220.195553,0
5790.244581,-367.074851,-5.938804,210.141104,-369.912670,-5.922334,208.092498,-358.764098,-5.985570,216.140593,0
5795.244570,-364.148685,-5.865069,206.087463,-366.986582,-5.848381,204.038966,-355.837701,-5.908043,212.086634,0
5800.244922,-361.222447,-5.790318,202.033444,-364.060447,-5.769554,199.985089,-352.708449,-5.849307,208.178510,0
5805.244912,-358.296597,-5.727773,197.979386,-361.134665,-5.705874,195.931127,-349.782392,-5.790023,204.124166,0
5810.244847,-355.370746,-5.669807,193.925329,-358.208859,-5.648200,191.877130,-346.856409,-5.727288,200.069924,0
5815.245095,-352.445037,-5.592906,189.871097,-355.283199,-5.568329,187.822967,-343.930552,-5.666311,196.015488,0
5820.245069,-349.519454,-5.522310,185.816998,-352.357653,-5.494775,183.768919,-341.004857,-5.605750,191.961235,0
5825.245143,-346.593824,-5.467190,181.762569,-349.432091,-5.439854,179.714584,-338.079022,-5.547459,187.906521,0
5830.245109,-343.668433,-5.407445,177.708166,-346.506737,-5.376340,175.660233,-335.153522,-5.501482,183.851967,0
